aa1, 6, aa, 1, a, 啊, 啊呀雅鴉丫椏
aa2, 3, aa, 2, a, 阿, 阿啞嗄
aa3, 9, aa, 3, a, 啊, 啊阿亞氬埡婭錒掗襾
aa4, 1, aa, 4, a, 啊, 啊
aak1, 7, aak, 1, a, 握, 握呃厄扼軛搹軶
aak3, 2, aak, 3, a, 阿, 阿鈪
aam2, 1, aam, 2, a, 菡, 菡
aan3, 3, aan, 3, a, 晏, 晏鴳鷃
aang1, 2, aang, 1, a, 罌, 罌甖
aap3, 2, aap, 3, a, 鴨, 鴨押
aat3, 13, aat, 3, a, 壓, 壓歹押遏揠戛頞堨齃恝餲猒閼
aau1, 3, aau, 1, a, 抓, 抓凹坳
aau2, 2, aau, 2, a, 拗, 拗詏
aau3, 5, aau, 3, a, 凹, 凹拗坳靿詏
ai2, 1, ai, 2, a, 矮, 矮
ai3, 6, ai, 3, a, 哎, 哎翳縊曀屭豷
ak1, 14, ak, 1, a, 喔, 喔握啞呃厄扼齷渥幄阨搤偓餩腛
am1, 8, am, 1, a, 諳, 諳庵盦菴鵪韽垵媕
am2, 6, am, 2, a, 黯, 黯闇諳唵晻揞
am3, 2, am, 3, a, 暗, 暗腤
an1, 1, an, 1, a, 奀, 奀
ang1, 3, ang, 1, a, 鶯, 鶯鞥罃
ang2, 1, ang, 2, a, 哽, 哽
ap1, 4, ap, 1, a, 悒, 悒罨罯噏
at1, 1, at, 1, a, 扤, 扤
au1, 11, au, 1, a, 區, 區歐勾鷗鉤嘔謳甌熰慪鏂
au2, 4, au, 2, a, 歐, 歐嘔毆敺
au3, 1, au, 3, a, 漚, 漚
baa1, 11, baa, 1, b, 吧, 吧巴爸叭芭疤笆葩豝峇粑
baa2, 3, baa, 2, b, 把, 把靶鈀
baa3, 6, baa, 3, b, 伯, 伯霸壩灞弝埧
baa6, 2, baa, 6, b, 吧, 吧罷
baai1, 2, baai, 1, b, 拜, 拜掰
baai2, 3, baai, 2, b, 擺, 擺襬捭
baai3, 2, baai, 3, b, 拜, 拜湃
baai6, 5, baai, 6, b, 敗, 敗憊唄稗粺
baak1, 1, baak, 1, b, 迫, 迫
baak3, 6, baak, 3, b, 百, 百伯迫柏佰舶
baak6, 6, baak, 6, b, 白, 白蔔帛匐菔踣
baan1, 6, baan, 1, b, 班, 班斑頒瘢斒攽
baan2, 8, baan, 2, b, 版, 版板闆鈑舨昄魬蝂
baan3, 1, baan, 3, b, 扮, 扮
baan6, 4, baan, 6, b, 辦, 辦瓣爿湴
baang6, 2, baang, 6, b, 蹦, 蹦繃
baat3, 2, baat, 3, b, 八, 八捌
baat6, 2, baat, 6, b, 魃, 魃茇
baau1, 6, baau, 1, b, 包, 包胞炮鮑苞孢
baau2, 1, baau, 2, b, 飽, 飽
baau3, 1, baau, 3, b, 爆, 爆
baau6, 2, baau, 6, b, 鮑, 鮑齙
bai1, 1, bai, 1, b, 跛, 跛
bai3, 2, bai, 3, b, 閉, 閉蔽
bai6, 13, bai, 6, b, 幣, 幣敝弊斃陛稗薜狴粺蜌坒梐獘
bak1, 1, bak, 1, b, 北, 北
bam1, 2, bam, 1, b, 乓, 乓泵
ban1, 20, ban, 1, b, 份, 份彬奔賓斌濱檳繽瀕儐賁玢鑌豳邠蠙汃攽錛璸
ban2, 2, ban, 2, b, 品, 品稟
ban3, 7, ban, 3, b, 鬢, 鬢儐殯臏嬪擯髕
ban6, 3, ban, 6, b, 笨, 笨体坌
bang1, 7, bang, 1, b, 崩, 崩絣痭堋塴祊鏰
bang6, 1, bang, 6, b, 憑, 憑
bat1, 12, bat, 1, b, 不, 不畢筆嗶甭篳蓽吥蹕彃滭縪
bat6, 12, bat, 6, b, 佛, 佛拔泌跋弼鈸苾犮軷胈菝鼥
be1, 1, be, 1, b, 啤, 啤
bei1, 14, bei, 1, b, 悲, 悲卑碑屄裨陂羆椑鵯藣詖萆蓖犤
bei2, 13, bei, 2, b, 比, 比彼俾匕媲畀鞞妣柀秕疕髀沘
bei3, 22, bei, 3, b, 費, 費秘祕臂泌庇跛痺賁畀痹轡閟箅鉍邲鄪柲毖詖潷芘
bei4, 1, bei, 4, b, 蓖, 蓖
bei6, 16, bei, 6, b, 比, 比被備避鼻憊匕贔髲骳篦奰箄鞁糒襣
bek3, 1, bek, 3, b, 壁, 壁
beng2, 2, beng, 2, b, 餅, 餅鉼
beng3, 1, beng, 3, b, 柄, 柄
beng6, 1, beng, 6, b, 病, 病
bik1, 16, bik, 1, b, 迫, 迫碧逼壁璧躄愎皕偪楅綼揊襞腷愊湢
bik3, 2, bik, 3, b, 壁, 壁璧
bin1, 9, bin, 1, b, 邊, 邊鞭蝙辮萹砭籩箯猵
bin2, 9, bin, 2, b, 扁, 扁貶蝙匾褊碥惼窆稨
bin3, 2, bin, 3, b, 變, 變遍
bin6, 11, bin, 6, b, 便, 便辯辨釆卞弁汴汳忭抃艑
bing1, 7, bing, 1, b, 兵, 兵冰并檳乒掤栟
bing2, 11, bing, 2, b, 屏, 屏餅丙秉炳摒鞞昺邴寎怲
bing3, 6, bing, 3, b, 並, 並併并柄摒迸
bing4, 1, bing, 4, b, 鉼, 鉼
bing6, 3, bing, 6, b, 並, 並病并
bit1, 9, bit, 1, b, 必, 必鮅珌飶佖咇怭駜觱
bit3, 5, bit, 3, b, 鱉, 鱉憋彆虌鷩
bit6, 5, bit, 6, b, 別, 別癟蹩襒馝
biu1, 24, biu, 1, b, 標, 標票飆鏢彪鑣滮杓膘儦穮麃熛驫猋颮蔈瀌臕颩瘭藨髟飇
biu2, 6, biu, 2, b, 表, 表錶婊裱俵褾
bo1, 8, bo, 1, b, 般, 般波坡玻菠啵嶓碆
bo2, 2, bo, 2, b, 跛, 跛簸
bo3, 5, bo, 3, b, 播, 播簸鄱譒噃
bok1, 3, bok, 1, b, 剝, 剝糪㩧
bok3, 19, bok, 3, b, 博, 博駁縛搏膊亳壆襮猼胉髆駮鑮僰嚗欂鎛懪餺
bok6, 11, bok, 6, b, 薄, 薄泊箔舶礡雹鉑瓟謈犦瓝
bong1, 4, bong, 1, b, 幫, 幫邦梆鞤
bong2, 6, bong, 2, b, 榜, 榜膀綁蒡牓縍
bong3, 1, bong, 3, b, 甏, 甏
bong6, 4, bong, 6, b, 傍, 傍磅鎊埲
bou1, 7, bou, 1, b, 哺, 哺褒晡逋煲餔峬
bou2, 11, bou, 2, b, 保, 保寶補堡葆圃褓鴇孬駂鵏
bou3, 7, bou, 3, b, 報, 報布佈怖埔餔抪
bou6, 11, bou, 6, b, 部, 部步暴捕簿埠哺菢蔀虣篰
bui1, 3, bui, 1, b, 杯, 杯盃桮
bui3, 11, bui, 3, b, 背, 背輩貝揹鋇狽悖邶褙浿偝
bui4, 1, bui, 4, b, 棓, 棓
bui6, 5, bui, 6, b, 背, 背悖焙孛誖
buk1, 1, buk, 1, b, 卜, 卜
buk6, 14, buk, 6, b, 暴, 暴伏僕樸曝瀑蹼濮襮鏷纀醭襆轐
bun1, 2, bun, 1, b, 般, 般搬
bun2, 3, bun, 2, b, 本, 本苯畚
bun3, 3, bun, 3, b, 半, 半靽姅
bun6, 7, bun, 6, b, 伴, 伴胖叛畔絆拌柈
bung2, 4, bung, 2, b, 捧, 捧玤琫菶
bung6, 2, bung, 6, b, 唪, 唪埲
but3, 1, but, 3, b, 缽, 缽
but6, 19, but, 6, b, 撥, 撥勃脖跋渤鈸孛桲餑蹳荸鵓浡葧鋍馞襏哱鱍
caa1, 8, caa, 1, c, 差, 差叉喳嗏艖杈扠蹅
caa3, 8, caa, 3, c, 岔, 岔詫奼衩蜡汊杈侘
caa4, 7, caa, 4, c, 查, 查茶楂秅搽槎垞
caai1, 4, caai, 1, c, 差, 差猜釵搋
caai2, 2, caai, 2, c, 踩, 踩踹
caai3, 4, caai, 3, c, 嘬, 嘬瘥蠆囆
caai4, 5, caai, 4, c, 柴, 柴儕豺茈喍
caak1, 2, caak, 1, c, 測, 測惻
caak3, 8, caak, 3, c, 策, 策冊拆柵茦坼筴圠
caak6, 1, caak, 6, c, 賊, 賊
caam1, 6, caam, 1, c, 參, 參驂攙辿縿梫
caam2, 5, caam, 2, c, 慘, 慘篸憯黲朁
caam3, 5, caam, 3, c, 杉, 杉懺讖儳舕
caam4, 13, caam, 4, c, 蠶, 蠶慚饞讒巉獑欃鑱劖瀺蚕嚵毚
caan1, 1, caan, 1, c, 餐, 餐
caan2, 4, caan, 2, c, 產, 產鏟剷滻
caan3, 6, caan, 3, c, 燦, 燦璨粲孱羼澯
caan4, 1, caan, 4, c, 殘, 殘
caang1, 6, caang, 1, c, 爭, 爭撐瞠倀橕罉
caang4, 6, caang, 4, c, 橙, 橙倀撜掁棖朾
caap3, 3, caap, 3, c, 插, 插臿鍤
caat3, 8, caat, 3, c, 察, 察刷擦剎獺唰嚓礤
caau1, 4, caau, 1, c, 抄, 抄鈔勦罺
caau2, 4, caau, 2, c, 吵, 吵炒耖訬
caau3, 3, caau, 3, c, 鈔, 鈔肏觘
caau4, 4, caau, 4, c, 巢, 巢樔鄛轈
cai1, 8, cai, 1, c, 妻, 妻淒棲悽萋凄栖郪
cai3, 5, cai, 3, c, 切, 切妻砌沏傺
cai4, 4, cai, 4, c, 齊, 齊蠐薺懠
cai5, 2, cai, 5, c, 薺, 薺鱭
cak1, 4, cak, 1, c, 測, 測廁惻畟
cam1, 7, cam, 1, c, 參, 參侵篸駸棽諃嵾
cam2, 6, cam, 2, c, 寢, 寢寑噆磣墋踸
cam3, 3, cam, 3, c, 讖, 讖唚譖
cam4, 13, cam, 4, c, 尋, 尋沉沈蕁鱘潯燅燖鬵灊噚撏鄩
cam5, 1, cam, 5, c, 蕈, 蕈
can1, 3, can, 1, c, 親, 親瞋嗔
can2, 8, can, 2, c, 診, 診疹哂捵抻矧辴疢
can3, 10, can, 3, c, 稱, 稱親趁襯櫬儭疢齔瀙嚫
can4, 3, can, 4, c, 陳, 陳塵蔯
cang1, 2, cang, 1, c, 噌, 噌竀
cang4, 4, cang, 4, c, 曾, 曾層鄫嶒
cap1, 8, cap, 1, c, 輯, 輯緝戢葺咠緁濈蕺
cat1, 4, cat, 1, c, 七, 七漆柒桼
cau1, 11, cau, 1, c, 秋, 秋抽鰍鞦萩鶖楸搊緧瘳篘
cau2, 4, cau, 2, c, 醜, 醜丑瞅杻
cau3, 9, cau, 3, c, 臭, 臭湊糗嗅溴輳傶腠殠
cau4, 25, cau, 4, c, 籌, 籌仇酬囚疇惆酋躊稠綢儔泅讎酘遒幬蝤紬崷詶裯雔犨鮂懤
ce1, 5, ce, 1, c, 車, 車奢硨嗟檨
ce2, 5, ce, 2, c, 且, 且尺扯哆撦
ce4, 3, ce, 4, c, 邪, 邪斜輋
cek3, 3, cek, 3, c, 尺, 尺赤呎
ceng1, 2, ceng, 1, c, 清, 清青
ceng2, 1, ceng, 2, c, 請, 請
ceng4, 1, ceng, 4, c, 晴, 晴
ceoi1, 17, ceoi, 1, c, 吹, 吹趨催衰摧崔炊璀蛆磪嗺墔縗趍榱貙鏙
ceoi2, 6, ceoi, 2, c, 取, 取娶揣璀漼趡
ceoi3, 16, ceoi, 3, c, 趣, 趣吹脆翠娶覷啐淬橇綷倅毳焠脺竁膬
ceoi4, 16, ceoi, 4, c, 除, 除隨徐摧廚鎚椎捶槌隋搥箠腄菙膗棰
ceon1, 5, ceon, 1, c, 春, 春椿橁輴杶
ceon2, 3, ceon, 2, c, 蠢, 蠢偆賰
ceon4, 8, ceon, 4, c, 秦, 秦巡循旬馴螓紃栒
ceot1, 4, ceot, 1, c, 出, 出齣絀黜
ci1, 27, ci, 1, c, 差, 差癡痴疵嗤雌哧魑鴟蚩笞郗骴絺嘁眵瓻摛飺偨攡胔黐螭齝胵媸
ci2, 26, ci, 2, c, 此, 此始恥齒矢侈柿弛哆豕扡褫姼奓泚玼誃佌髊杝恀胣搋跐謻拸
ci3, 22, ci, 3, c, 次, 次刺賜翅廁幟恣熾啻庛朿莿翨眙蛓儩佽饎蚝絘胵跮
ci4, 35, ci, 4, c, 持, 持治詞磁池慈遲辭茲匙馳疵瓷祠臍弛玆坻茨荎踟茬墀茈蚳篪薺歭泜茌鶿箎餈薋箈
ci5, 6, ci, 5, c, 似, 似恃峙柿姒汜
cik1, 15, cik, 1, c, 析, 析斥戚敕叱螫慼彳飭鶒鏚摵抶鷘鼜
cik3, 2, cik, 3, c, 刺, 刺赤
cim1, 17, cim, 1, c, 簽, 簽籤纖殲暹憸孅薟攕櫼僉綅嬐鋟酟幨銛
cim2, 1, cim, 2, c, 諂, 諂
cim3, 3, cim, 3, c, 塹, 塹僭槧
cim4, 5, cim, 4, c, 潛, 潛燅鬵燂撍
cim5, 1, cim, 5, c, 僭, 僭
cin1, 8, cin, 1, c, 千, 千遷仟韆芊阡扦梴
cin2, 7, cin, 2, c, 淺, 淺闡囅幝蕆燀嘽
cin4, 6, cin, 4, c, 前, 前錢纏廛瀍躔
cin5, 2, cin, 5, c, 踐, 踐俴
cing1, 12, cing, 1, c, 清, 清稱青菁蜻氰檉鯖蟶圊赬偁
cing2, 6, cing, 2, c, 請, 請拯逞騁郢撜
cing3, 3, cing, 3, c, 稱, 稱秤掅
cing4, 13, cing, 4, c, 成, 成情程晴呈澄懲瞪埕裎酲澂餳
cip3, 7, cip, 3, c, 妾, 妾詀呫跕菨踥鯜
cit1, 1, cit, 1, c, 磩, 磩
cit3, 11, cit, 3, c, 設, 設切徹撤澈轍掣沏蔎懘屮
ciu1, 8, ciu, 1, c, 超, 超昭釗鍬怊繰幧弨
ciu2, 4, ciu, 2, c, 悄, 悄愀煍偢
ciu3, 6, ciu, 3, c, 肖, 肖俏鞘峭誚帩
ciu4, 12, ciu, 4, c, 朝, 朝潮瞧樵憔譙晁燋睄劁嫶嶕
ciu5, 1, ciu, 5, c, 悄, 悄
co1, 11, co, 1, c, 初, 初雛磋搓蹉芻嵯傞瑳犓莏
co2, 6, co, 2, c, 楚, 楚礎濋脞儊檚
co3, 7, co, 3, c, 錯, 錯挫銼剉侳蓌莝
co4, 12, co, 4, c, 雛, 雛鋤矬痤耡瘥鹺阤媰鉏鶵醝
co5, 1, co, 5, c, 坐, 坐
coek3, 18, coek, 3, c, 桌, 桌卓綽戳噱灼鵲倬芍焯婼碏趠婥皵穛逴踔
coeng1, 25, coeng, 1, c, 窗, 窗昌槍搶鏘倡嗆猖鎗娼囪蹌錩倀鯧羥菖瑲錆閶牄謒斨鼚蹡
coeng2, 1, coeng, 2, c, 搶, 搶
coeng3, 10, coeng, 3, c, 唱, 唱暢倡悵嗆瑒熗戧鬯韔
coeng4, 16, coeng, 4, c, 長, 長場詳翔祥牆腸薔庠戕爿檣嬙廧蘠萇
coi1, 1, coi, 1, c, 啋, 啋
coi2, 9, coi, 2, c, 彩, 彩採采睬綵寀茞跴跐
coi3, 6, coi, 3, c, 賽, 賽蔡菜塞埰縩
coi4, 5, coi, 4, c, 才, 才材財裁纔
cok3, 3, cok, 3, c, 錯, 錯擉剒
cong1, 10, cong, 1, c, 創, 創蒼滄倉艙瘡傖鶬刱凔
cong2, 11, cong, 2, c, 廠, 廠搶闖敞昶鋹氅磢惝駔戃
cong3, 4, cong, 3, c, 創, 創闖愴刱
cong4, 5, cong, 4, c, 藏, 藏床撞幢橦
cou1, 4, cou, 1, c, 操, 操粗麤觕
cou2, 5, cou, 2, c, 草, 草艸懆慅騲
cou3, 18, cou, 3, c, 錯, 錯造操措澡噪燥醋躁糙厝譟慥矂趮鄵喿氉
cou4, 10, cou, 4, c, 曹, 曹槽嘈漕殂徂傮螬艚跿
cou5, 1, cou, 5, c, 造, 造
cuk1, 36, cuk, 1, c, 速, 速趣束觸促趨蓄畜矗簇齪樕蹴蹙簌亍搐慉鄐涑蔌餗觫歜諔齱蔟娖斶俶瘯顣敊憱滀踧
cuk3, 1, cuk, 3, c, 豖, 豖
cung1, 23, cung, 1, c, 充, 充衝聰沖匆衷蔥憧璁忡涌囪埇樅罿珫驄浺蓯鏦摐茺憃
cung2, 3, cung, 2, c, 寵, 寵塚冢
cung3, 3, cung, 3, c, 衝, 衝銃揰
cung4, 15, cung, 4, c, 重, 重從松蟲虫叢琮淙种漎爞賨藂悰瑽
cung5, 1, cung, 5, c, 重, 重
cyu2, 5, cyu, 2, c, 處, 處褚杵貯楮
cyu3, 1, cyu, 3, c, 處, 處
cyu4, 11, cyu, 4, c, 除, 除儲廚櫥躇蜍躕篨幮麆滁
cyu5, 12, cyu, 5, c, 處, 處署儲佇柱曙苧杼芧宁羜紵
cyun1, 8, cyun, 1, c, 穿, 穿村川釧躥氚踆汆
cyun2, 9, cyun, 2, c, 喘, 喘竄揣踹忖舛荈刌踳
cyun3, 9, cyun, 3, c, 串, 串寸吋竄釧玔攛爨縓
cyun4, 25, cyun, 4, c, 全, 全傳存泉詮蹲銓痊攢荃筌醛遄椽牷恮佺欑歂墫跧輇縓圌巑
cyut3, 8, cyut, 3, c, 卒, 卒踅咄撮猝捽椊繓
daa1, 1, daa, 1, d, 打, 打
daa2, 1, daa, 2, d, 打, 打
daai1, 2, daai, 1, d, 呆, 呆獃
daai2, 2, daai, 2, d, 歹, 歹傣
daai3, 5, daai, 3, d, 帶, 帶戴蹛襶蔕
daai6, 4, daai, 6, d, 大, 大軑釱汏
daak1, 1, daak, 1, d, 咑, 咑
daam1, 9, daam, 1, d, 擔, 擔湛耽眈酖覘聃儋甔
daam2, 2, daam, 2, d, 膽, 膽紞
daam3, 2, daam, 3, d, 石, 石擔
daam6, 14, daam, 6, d, 淡, 淡氮澹萏啖噉啗霮憺髧餤嚪窞賧
daan1, 7, daan, 1, d, 單, 單丹簞鄲襌殫匰
daan3, 5, daan, 3, d, 誕, 誕旦鉭癉繵
daan6, 8, daan, 6, d, 但, 但彈蛋憚撣蜑燀僤
daap1, 1, daap, 1, d, 嗒, 嗒
daap3, 8, daap, 3, d, 答, 答搭瘩褡荅耷畣匒
daap6, 8, daap, 6, d, 踏, 踏疊蹋沓遝鞳鞜嚃
daat3, 5, daat, 3, d, 妲, 妲靼怛笪呾
daat6, 5, daat, 6, d, 達, 達鐽噠繨薘
dai1, 7, dai, 1, d, 低, 低氐胝羝彽磾鞮
dai2, 13, dai, 2, d, 底, 底抵砥牴詆坻邸氐柢觝阺軧弤
dai3, 13, dai, 3, d, 帝, 帝蒂締諦渧嵽揥蝃禘碲墆蔕螮
dai6, 14, dai, 6, d, 第, 第弟遞逮隸娣棣悌杕遰釱睼埭踶
dak1, 2, dak, 1, d, 得, 得德
dak6, 2, dak, 6, d, 特, 特螣
dam1, 1, dam, 1, d, 揼, 揼
dam2, 3, dam, 2, d, 沊, 沊抌黕
dam3, 1, dam, 3, d, 髧, 髧
dam4, 1, dam, 4, d, 榃, 榃
dan1, 1, dan, 1, d, 墩, 墩
dan2, 1, dan, 2, d, 躉, 躉
dan3, 2, dan, 3, d, 撉, 撉扽
dan6, 2, dan, 6, d, 燉, 燉扽
dang1, 5, dang, 1, d, 登, 登燈豋鐙簦
dang2, 2, dang, 2, d, 等, 等戥
dang3, 5, dang, 3, d, 凳, 凳磴鐙墱嶝
dang6, 6, dang, 6, d, 鄧, 鄧澄瞪蹬戥幐
dap1, 1, dap, 1, d, 耷, 耷
dat1, 1, dat, 1, d, 腯, 腯
dat6, 8, dat, 6, d, 突, 突凸蟘怢鼵葖腯犆
dau1, 3, dau, 1, d, 兜, 兜郖唗
dau2, 8, dau, 2, d, 斗, 斗糾抖陡蚪枓赳鈄
dau3, 2, dau, 3, d, 鬥, 鬥竇
dau6, 13, dau, 6, d, 讀, 讀豆逗荳痘竇郖鋀脰浢梪餖哣
de1, 1, de, 1, d, 爹, 爹
de2, 2, de, 2, d, 嗲, 嗲襶
de4, 1, de, 4, d, 嗲, 嗲
dei2, 1, dei, 2, d, 哋, 哋
dei6, 3, dei, 6, d, 地, 地墬哋
dek3, 1, dek, 3, d, 趯, 趯
dek6, 3, dek, 6, d, 笛, 笛糴篴
deng1, 2, deng, 1, d, 釘, 釘疔
deng2, 1, deng, 2, d, 頂, 頂
deng3, 1, deng, 3, d, 掟, 掟
deng6, 4, deng, 6, d, 地, 地定訂埞
deoi1, 2, deoi, 1, d, 堆, 堆敦
deoi3, 5, deoi, 3, d, 對, 對兌碓膇轛
deoi6, 8, deoi, 6, d, 隊, 隊兌懟錞薱譈憝鐓
deon1, 8, deon, 1, d, 敦, 敦蹲諄墩惇吨礅墫
deon6, 10, deon, 6, d, 頓, 頓沌鈍噸遁燉囤盹遯炖
deot1, 2, deot, 1, d, 咄, 咄柮
deu6, 2, deu, 6, d, 掉, 掉調
di1, 1, di, 1, d, 啲, 啲
dik1, 13, dik, 1, d, 的, 的適滴旳嫡嘀玓鏑菂甋扚靮蹢
dik6, 11, dik, 6, d, 敵, 敵迪狄翟荻滌鍉藋覿浟踧
dim1, 2, dim, 1, d, 掂, 掂敁
dim2, 2, dim, 2, d, 點, 點蒧
dim3, 11, dim, 3, d, 店, 店墊惦踮玷掂坫痁阽磹扂
dim6, 1, dim, 6, d, 掂, 掂
din1, 9, din, 1, d, 顛, 顛巔甸癲滇齻瘨蹎傎
din2, 3, din, 2, d, 典, 典碘痶
din3, 1, din, 3, d, 墊, 墊
din6, 11, din, 6, d, 電, 電殿墊奠甸澱鈿靛佃淀癜
ding1, 10, ding, 1, d, 丁, 丁叮釘盯汀玎仃耵疔靪
ding2, 6, ding, 2, d, 頂, 頂鼎酊艼濎薡
ding3, 5, ding, 3, d, 訂, 訂碇錠椗飣
ding6, 2, ding, 6, d, 定, 定啶
dip6, 18, dip, 6, d, 碟, 碟蝶疊諜牒喋褶鰈蹀楪啑揲褋堞蜨艓跕惵
dit1, 1, dit, 1, d, 啲, 啲
dit3, 1, dit, 3, d, 跌, 跌
dit6, 20, dit, 6, d, 秩, 秩迭軼詄帙瓞耋垤昳絰柣苵眣螲紩墆咥臷袟翐
diu1, 14, diu, 1, d, 丟, 丟雕鵰凋刁貂鯛叼碉彫琱蛁銩錭
diu2, 1, diu, 2, d, 屌, 屌
diu3, 6, diu, 3, d, 釣, 釣吊弔盄窵誂
diu6, 5, diu, 6, d, 掉, 掉調窕銚蓧
do1, 2, do, 1, d, 多, 多哆
do2, 8, do, 2, d, 朵, 朵躲垛埵剁跺奲嚲
do6, 7, do, 6, d, 墮, 墮惰墯嶞鬌陏陊
doe2, 1, doe, 2, d, 朵, 朵
doek3, 9, doek, 3, d, 啄, 啄琢剁斲涿諑噣啅椓
doeng1, 1, doeng, 1, d, 啄, 啄
doi6, 16, doi, 6, d, 代, 代待袋逮黛怠岱殆迨靆玳紿蝳酨祋埭
dok6, 5, dok, 6, d, 度, 度鐸踱剫襗
dong1, 8, dong, 1, d, 當, 當噹襠鐺璫簹艡蟷
dong2, 7, dong, 2, d, 黨, 黨檔擋党讜欓攩
dong3, 3, dong, 3, d, 當, 當檔擋
dong6, 15, dong, 6, d, 盪, 盪蕩踼宕璗瑒逿愓瓽碭潒戙菪婸簜
dou1, 10, dou, 1, d, 都, 都刀嘟叨忉闍氘魛舠鳭
dou2, 9, dou, 2, d, 倒, 倒島賭睹禱堵搗擣壔
dou3, 7, dou, 3, d, 到, 到道倒妒蠹斁捯
dou6, 16, dou, 6, d, 道, 道度導盜渡杜蹈悼稻鍍纛幬燾芏翿秺
duk1, 4, duk, 1, d, 督, 督篤裻厾
duk6, 18, duk, 6, d, 獨, 獨讀毒頓瀆犢牘纛黷櫝髑殰韇贕皾韣碡讟
dung1, 10, dung, 1, d, 東, 東冬咚氡鶇鼕炵蝀涷柊
dung2, 4, dung, 2, d, 懂, 懂董踵蕫
dung3, 5, dung, 3, d, 棟, 棟凍蝀涷崠
dung4, 1, dung, 4, d, 鮦, 鮦
dung6, 13, dung, 6, d, 動, 動洞棟慟恫硐胴峒湩挏戙衕垌
dyun1, 2, dyun, 1, d, 端, 端耑
dyun2, 1, dyun, 2, d, 短, 短
dyun3, 4, dyun, 3, d, 斷, 斷鍛腶碫
dyun6, 6, dyun, 6, d, 段, 段斷緞毈椴籪
dyut1, 1, dyut, 1, d, 腯, 腯
dyut6, 2, dyut, 6, d, 奪, 奪敓
e6, 1, e, 6, e, 誒, 誒
ei6, 1, ei, 6, e, 欸, 欸
faa1, 3, faa, 1, f, 華, 華花蘤
faa3, 2, faa, 3, f, 化, 化杹
faai3, 6, faai, 3, f, 快, 快塊筷傀噲磈
faan1, 10, faan, 1, f, 反, 反翻番返幡旛繙籓轓犿
faan2, 3, faan, 2, f, 反, 反返阪
faan3, 5, faan, 3, f, 泛, 泛販氾汎畈
faan4, 26, faan, 4, f, 煩, 煩凡繁帆蕃梵汎藩樊璠礬燔颿釩膰蹯蘩軓蠜墦瀿鐇鷭薠羳笲
faan5, 1, faan, 5, f, 販, 販
faan6, 9, faan, 6, f, 犯, 犯範飯范梵瓣笵軬鋄
faat3, 5, faat, 3, f, 發, 發法髮砝琺
fai1, 15, fai, 1, f, 輝, 輝揮墮暉徽煇麾鰴墯隳昲撝褘翬楎
fai3, 10, fai, 3, f, 費, 費廢肺沸癈芾櫠俷疿鐨
fai6, 2, fai, 6, f, 吠, 吠痱
fan1, 35, fan, 1, f, 分, 分婚芬紛昏氛勳薰葷勛吩燻醺熏棻酚雰曛玢緡翂惛睧殙籸涽焄閽纁臐饙窨獯砏棔
fan2, 1, fan, 2, f, 粉, 粉
fan3, 4, fan, 3, f, 訓, 訓糞瀵瞓
fan4, 20, fan, 4, f, 墳, 墳焚賁汾棼幩鼖枌羒豶蒶魵蕡轒黂妢蚡濆鼢羵
fan5, 8, fan, 5, f, 奮, 奮噴憤忿歕僨坋魵
fan6, 4, fan, 6, f, 分, 分份忿坋
fang4, 1, fang, 4, f, 揈, 揈
fat1, 32, fat, 1, f, 佛, 佛忽彿拂弗窟惚狒巿氟堀芴囫芾黻昒笏刜茀欻帗紼曶祓淴綍魆笰袚紱艴韍
fat3, 1, fat, 3, f, 沷, 沷
fat6, 13, fat, 6, f, 佛, 佛罰乏伐閥筏咈茷怫疺瞂坲岪
fau2, 3, fau, 2, f, 否, 否缶缹
fau4, 11, fau, 4, f, 浮, 浮涪蜉罘紑芣裒琈罦烰鴀
fau6, 4, fau, 6, f, 復, 復埠阜峊
fei1, 13, fei, 1, f, 非, 非飛菲啡妃霏扉緋婓蜚馡騑鯡
fei2, 13, fei, 2, f, 菲, 菲匪斐誹悱痱蜚屝陫篚榧棐朏
fei4, 5, fei, 4, f, 肥, 肥腓婓淝蜰
fei6, 3, fei, 6, f, 翡, 翡狒剕
fo1, 6, fo, 1, f, 科, 科棵窠蝌稞髁
fo2, 7, fo, 2, f, 火, 火顆伙夥棵吙鈥
fo3, 4, fo, 3, f, 課, 課貨堁騍
fok3, 13, fok, 3, f, 縛, 縛霍攫藿貜躩攉蠼矍玃彏臛戄
fong1, 15, fong, 1, f, 方, 方芳荒謊坊慌肪枋肓衁巟汸邡匚鈁
fong2, 18, fong, 2, f, 訪, 訪晃仿彷謊恍紡幌舫倣昉榥怳髣滉熀皝瓬
fong3, 3, fong, 3, f, 放, 放況貺
fong4, 5, fong, 4, f, 房, 房防妨坊魴
fu1, 43, fu, 1, f, 乎, 乎戲夫呼膚枯敷骷孵俘孚伕趺柎挎尃衭麩寣桴郛莩胕荴鈇膴虍刳痡鳺泭砆虖罦跗幠謼枹鄜垺稃滹歑
fu2, 26, fu, 2, f, 苦, 苦父府虎唬撫甫嘸斧俯腑琥釜脯俛楛莆頫拊簠蜅黼軵弣郙滏
fu3, 9, fu, 3, f, 富, 富副庫賦褲咐褔戽衭
fu4, 11, fu, 4, f, 乎, 乎夫符扶芙苻鳧榑胕蚨枎
fu5, 1, fu, 5, f, 婦, 婦
fu6, 18, fu, 6, f, 附, 附負父付輔腐傅赴咐仆駙祔訃賻鮒蚹偩蝜
fui1, 9, fui, 1, f, 灰, 灰恢魁奎詼櫆虺悝豗
fui2, 4, fui, 2, f, 賄, 賄鮪洧痏
fui3, 5, fui, 3, f, 悔, 悔晦喙誨顪
fuk1, 14, fuk, 1, f, 福, 福複覆幅腹輻蝠馥愎蝮鍑鰒輹葍
fuk6, 15, fuk, 6, f, 服, 服復伏袱宓茯菔鴔洑纀复虙箙蕧鵩
fun1, 10, fun, 1, f, 歡, 歡寬髖讙驩懽獾嚾臗犿
fun2, 5, fun, 2, f, 款, 款盥窾梡雚
fung1, 21, fung, 1, f, 風, 風封瘋豐峰鋒楓蜂丰烽夆葑蘴酆妦灃渢崶麷犎飌
fung2, 3, fung, 2, f, 捧, 捧俸唪
fung3, 4, fung, 3, f, 風, 風諷覂賵
fung4, 5, fung, 4, f, 逢, 逢縫蓬馮摓
fung6, 4, fung, 6, f, 鳳, 鳳奉縫甮
fut3, 2, fut, 3, f, 闊, 闊蛞
gaa1, 24, gaa, 1, g, 家, 家加嘉傢嘎迦伽珈枷葭噶豭袈跏笳痂泇耞癿鎵鴐犌尕椵
gaa2, 8, gaa, 2, g, 假, 假賈嘏瘕檟榎斝椵
gaa3, 9, gaa, 3, g, 加, 加價假架駕嫁稼幏㗎
gaa4, 2, gaa, 4, g, 嘎, 嘎㗎
gaai1, 12, gaai, 1, g, 佳, 佳皆街階楷偕喈痎秸薢湝蝔
gaai2, 2, gaai, 2, g, 解, 解檞
gaai3, 19, gaai, 3, g, 解, 解界介屆戒尬誡芥懈玠疥价廨蚧犗骱薢妎鎅
gaak3, 15, gaak, 3, g, 格, 格隔革鎘骼嗝胳膈茖鬲觡挌愅滆塥
gaam1, 4, gaam, 1, g, 監, 監尷緘椷
gaam2, 1, gaam, 2, g, 減, 減
gaam3, 5, gaam, 3, g, 監, 監鑑鑒橄淦
gaan1, 8, gaan, 1, g, 間, 間閒奸艱姦菅葌蕑
gaan2, 11, gaan, 2, g, 簡, 簡繭揀鹼柬筧茧襺襉堿梘
gaan3, 5, gaan, 3, g, 間, 間閒澗諫瞷
gaang1, 2, gaang, 1, g, 更, 更耕
gaang3, 2, gaang, 3, g, 逕, 逕挭
gaap3, 23, gaap, 3, g, 甲, 甲革夾鴿頰蛤鉀胛浹莢鋏岬舺蛺筴跲袷韐郟搿裌鞈梜
gaat3, 4, gaat, 3, g, 軋, 軋戛恝釓
gaat6, 1, gaat, 6, g, 曱, 曱
gaau1, 10, gaau, 1, g, 交, 交教膠郊跤蛟鮫茭鵁轇
gaau2, 10, gaau, 2, g, 搞, 搞攪餃狡絞佼皎姣筊鉸
gaau3, 11, gaau, 3, g, 教, 教覺校較酵窖鉸珓窌滘斠
gai1, 3, gai, 1, g, 雞, 雞笄枅
gai2, 1, gai, 2, g, 偈, 偈
gai3, 11, gai, 3, g, 計, 計繼髻薊蘮罽炔筀蟿瀱紒
gai6, 1, gai, 6, g, 偈, 偈
gam1, 9, gam, 1, g, 今, 今金禁甘衿柑紟泔疳
gam2, 7, gam, 2, g, 感, 感敢錦橄咁噉澉
gam3, 10, gam, 3, g, 禁, 禁咁淦噤贛凎紺灨紟僸
gam4, 1, gam, 4, g, 黚, 黚
gam6, 1, gam, 6, g, 撳, 撳
gan1, 8, gan, 1, g, 跟, 跟根筋斤巾觔釿哏
gan2, 14, gan, 2, g, 緊, 緊僅謹堇瑾菫覲饉槿巹瘽墐廑殣
gan3, 5, gan, 3, g, 靳, 靳艮峎茛伒
gan6, 8, gan, 6, g, 近, 近僅瑾覲饉墐廑殣
gang1, 8, gang, 1, g, 更, 更庚羹粳賡緪鶊浭
gang2, 10, gang, 2, g, 耿, 耿亙梗哽埂鯁堩郠綆骾
gang3, 1, gang, 3, g, 更, 更
gap1, 3, gap, 1, g, 急, 急芨忣
gap3, 10, gap, 3, g, 合, 合蓋夾鴿佮蛤閤頜郃峆
gap6, 2, gap, 6, g, 及, 及岌
gat1, 11, gat, 1, g, 吃, 吃吉桔佶訖咭虼紇肐姞㓤
gat6, 3, gat, 6, g, 疙, 疙趌趷
gau1, 16, gau, 1, g, 句, 句龜溝勾鉤鳩篝朻韝勼鬮摎泃樛緱㞗
gau2, 13, gau, 2, g, 久, 久九狗糾苟玖韭枸赳岣芶耇笱
gau3, 20, gau, 3, g, 究, 究夠救構購咎垢疚詬灸搆媾廄遘覯彀姤冓捄雊
gau6, 4, gau, 6, g, 舊, 舊柩袧嚿
ge1, 1, ge, 1, g, 痂, 痂
ge3, 1, ge, 3, g, 嘅, 嘅
gei1, 33, gei, 1, g, 機, 機其期幾基奇丌几姬肌飢譏嘰磯饑畸羈机乩箕璣畿犄錤羇禨鐖刉剞唭鞿稘觭
gei2, 14, gei, 2, g, 己, 己幾紀几机杞麂踦庋庪剞掎蟣虮
gei3, 10, gei, 3, g, 記, 記計紀既寄徛覬蔇洎穊
gei6, 13, gei, 6, g, 技, 技騎忌妓伎忮洎惎鬾誋鵋芰跽
geng1, 1, geng, 1, g, 驚, 驚
geng2, 1, geng, 2, g, 頸, 頸
geng3, 1, geng, 3, g, 鏡, 鏡
geng6, 1, geng, 6, g, 擏, 擏
geoi1, 11, geoi, 1, g, 車, 車居俱据裾琚椐鶋捄腒崌
geoi2, 13, geoi, 2, g, 舉, 舉矩莒踽柜枸櫸椇筥齲偊萭蒟
geoi3, 8, geoi, 3, g, 據, 據句鋸踞瞿倨屨躆
geoi6, 23, geoi, 6, g, 具, 具巨距懼炬鉅遽瞿颶苣詎窶鐻岠蚷澽秬駏醵犋粔寠虡
gep6, 1, gep, 6, g, 夾, 夾
gik1, 12, gik, 1, g, 擊, 擊激革亟棘戟殛撽墼撠襋轚
gik3, 1, gik, 3, g, 衱, 衱
gik6, 1, gik, 6, g, 極, 極
gim1, 6, gim, 1, g, 兼, 兼蒹鶼搛縑鰜
gim2, 3, gim, 2, g, 檢, 檢撿瞼
gim3, 1, gim, 3, g, 劍, 劍
gim6, 1, gim, 6, g, 儉, 儉
gin1, 10, gin, 1, g, 堅, 堅肩鈃豜犍菺靬鞬鰹鵳
gin2, 4, gin, 2, g, 蹇, 蹇謇茧趼
gin3, 4, gin, 3, g, 見, 見建腱毽
gin6, 4, gin, 6, g, 件, 件鍵健楗
ging1, 13, ging, 1, g, 經, 經驚京荊矜兢涇麠鶁婛惊鵛巠
ging2, 11, ging, 2, g, 竟, 竟境警景憬璟儆剄幜蟼憼
ging3, 10, ging, 3, g, 敬, 敬競徑勁逕莖俓桱獍弳
ging6, 5, ging, 6, g, 競, 競勁痙殑倞
gip1, 2, gip, 1, g, 篋, 篋喼
gip3, 5, gip, 3, g, 劫, 劫澀抾硤鵖
gip6, 2, gip, 6, g, 夾, 夾狹
git3, 10, git, 3, g, 結, 結潔頡擷拮佶洁袺絜鮚
git6, 5, git, 6, g, 傑, 傑杰偈桀榤
giu1, 5, giu, 1, g, 驕, 驕嬌澆憍儌
giu2, 11, giu, 2, g, 繳, 繳矯僥儌撟徼蹻敿皦蟜鱎
giu3, 5, giu, 3, g, 叫, 叫嘂徼噭譥
giu6, 3, giu, 6, g, 轎, 轎撬嶠
go1, 5, go, 1, g, 歌, 歌哥旮菏犵
go2, 4, go, 2, g, 哿, 哿舸笴嗰
go3, 2, go, 3, g, 個, 個箇
goe3, 1, goe, 3, g, 鋸, 鋸
goek3, 3, goek, 3, g, 腳, 腳谻屩
goeng1, 10, goeng, 1, g, 姜, 姜僵疆薑殭韁羌橿蜣礓
goeng6, 4, goeng, 6, g, 強, 強彊糨唴
goi1, 10, goi, 1, g, 該, 該垓賅絯祴隑陔荄賌侅
goi2, 2, goi, 2, g, 改, 改胲
goi3, 1, goi, 3, g, 蓋, 蓋
gok3, 15, gok, 3, g, 覺, 覺各角閣郝擱閤鉻玨捔硌傕袼斠桷
gon1, 12, gon, 1, g, 乾, 乾干桿肝竿杆矸漧虷酐玕鳱
gon2, 6, gon, 2, g, 趕, 趕桿稈赶皯筸
gon3, 7, gon, 3, g, 幹, 幹桿矸榦旰簳骭
gong1, 25, gong, 1, g, 剛, 剛江鋼綱缸崗岡扛肛亢摃罡釭杠茳堽瓨堈疘矼舡碙豇犅掆
gong2, 4, gong, 2, g, 講, 講港顜耩
gong3, 7, gong, 3, g, 降, 降鋼槓絳杠棡洚
gong6, 1, gong, 6, g, 弶, 弶
got3, 5, got, 3, g, 葛, 葛割嶱轕輵
gou1, 11, gou, 1, g, 高, 高糕膏咎羔皋篙鼛睾槔櫜
gou2, 6, gou, 2, g, 稿, 稿皓槁縞杲暠
gou3, 5, gou, 3, g, 告, 告膏誥郜鋯
gu1, 18, gu, 1, g, 家, 家孤姑辜咕呱菇沽鴣鈷蛄菰罛酤觚箛柧軱
gu2, 18, gu, 2, g, 果, 果古股鼓估賈凸蠱牯鈷詁嘏瞽罟羖蛌盬臌
gu3, 12, gu, 3, g, 故, 故顧固估雇僱錮詁痼崮稒堌
gui6, 2, gui, 6, g, 癐, 癐攰
guk1, 23, guk, 1, g, 告, 告谷菊鞠穀麴掬鵠梏榖轂蘜牿鞫椈鋊唃匊踘軗瀔濲嚳
guk6, 8, guk, 6, g, 局, 局侷焗挶跼梮鋦輂
gun1, 5, gun, 1, g, 觀, 觀官冠棺倌
gun2, 10, gun, 2, g, 管, 管館莞斡朊錧脘琯痯筦
gun3, 15, gun, 3, g, 觀, 觀灌冠貫罐盥祼毌鸛鑵悺瓘矔涫爟
gung1, 16, gung, 1, g, 工, 工公功共供紅攻宮恭弓躬龔蚣芎魟塨
gung2, 8, gung, 2, g, 拱, 拱鞏栱廾蛬拲珙輁
gung3, 4, gung, 3, g, 供, 供貢贛嗊
gung6, 1, gung, 6, g, 共, 共
gwaa1, 3, gwaa, 1, gw, 瓜, 瓜胍緺
gwaa2, 1, gwaa, 2, gw, 寡, 寡
gwaa3, 8, gwaa, 3, gw, 掛, 掛卦挂罣褂詿絓啩
gwaai1, 1, gwaai, 1, gw, 乖, 乖
gwaai2, 5, gwaai, 2, gw, 拐, 拐柺枴蒯罫
gwaai3, 2, gwaai, 3, gw, 怪, 怪夬
gwaak3, 1, gwaak, 3, gw, 摑, 摑
gwaan1, 5, gwaan, 1, gw, 關, 關綸矜鰥瘝
gwaan3, 5, gwaan, 3, gw, 慣, 慣摜擐丱躀
gwaang2, 1, gwaang, 2, gw, 梗, 梗
gwaang6, 2, gwaang, 6, gw, 逛, 逛俇
gwaat3, 4, gwaat, 3, gw, 刮, 刮颳捖劀
gwai1, 16, gwai, 1, gw, 歸, 歸龜瑰圭傀皈閨鮭珪硅廆溈邽媯騩刲
gwai2, 15, gwai, 2, gw, 鬼, 鬼軌詭晷姽宄匭庋庪厬簋氿垝佹朹
gwai3, 15, gwai, 3, gw, 貴, 貴季瑰桂悸饋癸蹶鱖溎劌瞶嶡痵鯚
gwai6, 11, gwai, 6, gw, 櫃, 櫃饋跪簣匱餽鐀樻闠撌蕢
gwan1, 20, gwan, 1, gw, 軍, 軍君均龜昆鈞筠琨崑焜鯤錕皸晜莙褌袀麇鶤鮶
gwan2, 8, gwan, 2, gw, 滾, 滾袞輥鯀掍緄裷蔉
gwan3, 2, gwan, 3, gw, 棍, 棍睔
gwan6, 2, gwan, 6, gw, 郡, 郡珺
gwang1, 9, gwang, 1, gw, 轟, 轟肱薨訇觥鍧渹揈輷
gwat1, 12, gwat, 1, gw, 骨, 骨滑橘鶻汩愲扢憰蓇淈榾縎
gwat6, 6, gwat, 6, gw, 掘, 掘崛倔堀鶌镼
gwik1, 17, gwik, 1, gw, 隙, 隙郤闃虢聝狊洫殈馘虩淢郹綌覤鶪侐湨
gwing1, 3, gwing, 1, gw, 扃, 扃坰駉
gwing2, 13, gwing, 2, gw, 詗, 詗煚炯迥炅囧扃褧絅冏熲顈泂
gwo1, 5, gwo, 1, gw, 過, 過戈渦薖簻
gwo2, 8, gwo, 2, gw, 果, 果裹粿錁猓蜾惈輠
gwo3, 1, gwo, 3, gw, 過, 過
gwok3, 14, gwok, 3, gw, 國, 國郭擴廓幗蟈嘓墎槨崞漷簂膕霩
gwong1, 5, gwong, 1, gw, 光, 光洸胱桄銧
gwong2, 3, gwong, 2, gw, 廣, 廣誑獷
gwong3, 2, gwong, 3, gw, 礦, 礦桄
gyun1, 8, gyun, 1, g, 身, 身捐娟狷鵑涓蠲鞙
gyun2, 3, gyun, 2, g, 卷, 卷捲菤
gyun3, 16, gyun, 3, g, 卷, 卷眷券狷絹悁睊鄄帣睠韏罥婘絭鬳獧
gyun6, 3, gyun, 6, g, 圈, 圈倦埢
gyut3, 1, gyut, 3, g, 劂, 劂
gyut6, 1, gyut, 6, g, 橛, 橛
haa1, 5, haa, 1, h, 哈, 哈蝦閜颬岈
haa2, 1, haa, 2, h, 吓, 吓
haa4, 9, haa, 4, h, 蝦, 蝦霞瑕遐蛤瘕赮蕸騢
haa5, 3, haa, 5, h, 下, 下哈吓
haa6, 6, haa, 6, h, 下, 下夏暇廈煆芐
haai1, 3, haai, 1, h, 哈, 哈咳揩
haai4, 5, haai, 4, h, 鞋, 鞋諧骸龤嚡
haai5, 10, haai, 5, h, 蟹, 蟹邂駭懈繲獬澥檞駴嶰
haai6, 12, haai, 6, h, 解, 解械叡邂懈嗐瀣觟廨薤齘韰
haak1, 6, haak, 1, h, 黑, 黑克刻嚇赫剋
haak3, 4, haak, 3, h, 客, 客嚇喀諕
haam1, 1, haam, 1, h, 嵌, 嵌
haam2, 2, haam, 2, h, 鬫, 鬫闞
haam3, 2, haam, 3, h, 喊, 喊闞
haam4, 8, haam, 4, h, 函, 函涵鹹銜咸啣諴麙
haam5, 4, haam, 5, h, 檻, 檻菡壏豏
haam6, 2, haam, 6, h, 陷, 陷餡
haan1, 2, haan, 1, h, 掔, 掔慳
haan4, 7, haan, 4, h, 閒, 閒閑嫻癇鷴憪鷳
haan5, 1, haan, 5, h, 僩, 僩
haan6, 3, haan, 6, h, 限, 限憪撊
haang1, 3, haang, 1, h, 坑, 坑夯阬
haang4, 2, haang, 4, h, 行, 行桁
haap3, 4, haap, 3, h, 頰, 頰掐呷嗑
haap6, 13, haap, 6, h, 俠, 俠洽盒狹峽匣挾狎陜篋柙硤祫
haau1, 18, haau, 1, h, 烤, 烤拷敲吼哮尻髐虓痚烋磽嘐猇毃嗃鄗墝骹
haau2, 7, haau, 2, h, 考, 考巧烤拷栲攷薧
haau3, 3, haau, 3, h, 孝, 孝酵嗃
haau4, 2, haau, 4, h, 姣, 姣洨
haau6, 4, haau, 6, h, 校, 校效傚恔
hai1, 1, hai, 1, h, 屄, 屄
hai2, 1, hai, 2, h, 喺, 喺
hai4, 10, hai, 4, h, 兮, 兮奚蹊傒騱鼷徯郋貕螇
hai5, 1, hai, 5, h, 謑, 謑
hai6, 6, hai, 6, h, 系, 系係繫盻檕禊
hak1, 6, hak, 1, h, 黑, 黑克刻赫剋氪
ham1, 10, ham, 1, h, 堪, 堪坎勘憨戡龕坩谽嵁蚶
ham2, 8, ham, 2, h, 砍, 砍坎顑扻莰轗欿埳
ham3, 11, ham, 3, h, 勘, 勘瞰嵌崁唅矙闞磡凵琀墈
ham4, 7, ham, 4, h, 含, 含銜酣唅啣邯焓
ham5, 3, ham, 5, h, 頷, 頷顄蜭
ham6, 7, ham, 6, h, 陷, 陷憾撼嵌扻顉冚
han2, 7, han, 2, h, 很, 很狠懇墾齦佷豤
han4, 2, han, 4, h, 痕, 痕拫
han6, 1, han, 6, h, 恨, 恨
hang1, 8, hang, 1, h, 亨, 亨哼鏗硜啈誙脝牼
hang2, 2, hang, 2, h, 肯, 肯啃
hang4, 10, hang, 4, h, 行, 行衡恆莖珩桁拫蘅胻姮
hang5, 1, hang, 5, h, 悻, 悻
hang6, 9, hang, 6, h, 行, 行幸杏倖悻荇涬莕婞
hap1, 4, hap, 1, h, 洽, 洽恰瞌帢
hap6, 19, hap, 6, h, 合, 合蓋俠洽盒瞌磕闔閤嗑頜郃盍搕鉿欱溘烚榼
hat1, 4, hat, 1, h, 吃, 吃迄乞忔
hat6, 17, hat, 6, h, 核, 核瞎轄劾閡黠搳檄紇覈翮覡麧舝籺齕礉
hau1, 2, hau, 1, h, 齁, 齁睺
hau2, 1, hau, 2, h, 口, 口
hau3, 1, hau, 3, h, 吼, 吼
hau4, 10, hau, 4, h, 侯, 侯猴喉篌銗翭鍭瘊餱鯸
hau5, 2, hau, 5, h, 厚, 厚垕
hau6, 9, hau, 6, h, 後, 後候后逅茩堠鱟郈鄇
hei1, 37, hei, 1, h, 希, 希嘿嘻欺犧嗨稀熙屎禧釐曦嬉羲熹唏豨晞烯欷醯娸僖悕浠俙狶睎譆爔僛魌巇倛媐榿諆
hei2, 8, hei, 2, h, 起, 起喜豈禧囍蟢屺芑
hei3, 14, hei, 3, h, 氣, 氣器戲棄汽憩气甈呬塈屭羛咥餼
hek3, 1, hek, 3, h, 吃, 吃
heng1, 1, heng, 1, h, 輕, 輕
heoi1, 12, heoi, 1, h, 虛, 虛噓墟吁呴歔旴訏盱驉魖圩
heoi2, 12, heoi, 2, h, 去, 去許煦咻栩詡昫喣鄦冔欨姁
heoi3, 1, heoi, 3, h, 去, 去
heoi5, 1, heoi, 5, h, 佢, 佢
him1, 3, him, 1, h, 謙, 謙忺嗛
him2, 4, him, 2, h, 險, 險玁嶮獫
him3, 5, him, 3, h, 歉, 歉欠芡慊傔
hin1, 17, hin, 1, h, 牽, 牽軒掀岍騫愆搴幵褰謇祅攓汧攐杴嘕縴
hin2, 8, hin, 2, h, 顯, 顯遣衍譴繾蜆韅幰
hin3, 3, hin, 3, h, 憲, 憲獻縴
hing1, 7, hing, 1, h, 興, 興兄輕馨卿氫鑋
hing3, 9, hing, 3, h, 興, 興慶詗罄磬綮敻謦矎
hing5, 1, hing, 5, h, 脛, 脛
hip3, 7, hip, 3, h, 歉, 歉協脅怯慊嗛嗋
hip6, 6, hip, 6, h, 協, 協挾愜勰劦拹
hit3, 4, hit, 3, h, 蠍, 蠍歇蝎猲
hiu1, 21, hiu, 1, h, 囂, 囂蹺澆僥梟驍鴞橇枵呺嘵蹻獢歊鄡獟藃膮趬繑虈
hiu2, 1, hiu, 2, h, 曉, 曉
hiu3, 2, hiu, 3, h, 竅, 竅撬
hm1, 1, hm, 1, h, 噷, 噷
hng6, 1, hng, 6, h, 哼, 哼
ho1, 4, ho, 1, h, 呵, 呵苛訶坷
ho2, 7, ho, 2, h, 可, 可呵坷哿岢閜舸
ho4, 5, ho, 4, h, 何, 何河荷蚵菏
ho6, 3, ho, 6, h, 何, 何賀荷
hoe1, 1, hoe, 1, h, 靴, 靴
hoeng1, 4, hoeng, 1, h, 香, 香鄉薌膷
hoeng2, 8, hoeng, 2, h, 響, 響享嚮饗晌餉饟蠁
hoeng3, 4, hoeng, 3, h, 向, 向鄉嚮曏
hoi1, 3, hoi, 1, h, 開, 開嗨咍
hoi2, 12, hoi, 2, h, 海, 海肯凱豈鎧愷闓剴塏醢颽磑
hoi4, 5, hoi, 4, h, 孩, 孩咳駭骸頦
hoi5, 2, hoi, 5, h, 駭, 駭頦
hoi6, 3, hoi, 6, h, 害, 害亥氦
hok3, 4, hok, 3, h, 殼, 殼熇嗃嗀
hok6, 10, hok, 6, h, 學, 學鶴貉鷽謞翯澩觷矐嶨
hon1, 3, hon, 1, h, 看, 看刊頇
hon2, 3, hon, 2, h, 刊, 刊罕侃
hon3, 6, hon, 3, h, 看, 看漢暵熯厂衎
hon4, 12, hon, 4, h, 寒, 寒韓汗鼾邯榦犴虷邗馯鶾甝
hon5, 2, hon, 5, h, 捍, 捍旱
hon6, 21, hon, 6, h, 汗, 汗翰悍捍瀚焊銲扞睅犴旰豻駻涆釬閈鳱撖馯螒蔊
hong1, 16, hong, 1, h, 康, 康框腔匡眶筐糠俇誆洭鏮恇矼椌劻漮
hong3, 2, hong, 3, h, 烘, 烘炕
hong4, 12, hong, 4, h, 行, 行降航吭杭沆蚢肮笐迒絎頏
hong5, 1, hong, 5, h, 酐, 酐
hong6, 4, hong, 6, h, 項, 項巷衖缿
hot3, 12, hot, 3, h, 害, 害喝渴褐蝎曷鶡暍鞨猲嵑毼
hou1, 6, hou, 1, h, 蒿, 蒿茠嚆髇薅薧
hou2, 1, hou, 2, h, 好, 好
hou3, 5, hou, 3, h, 好, 好耗犒秏藃
hou4, 9, hou, 4, h, 號, 號豪毫嚎蠔壕濠嗥呺
hou6, 16, hou, 6, h, 號, 號浩皓昊顥灝鎬澔淏皜薃昦滈鄗鰝皞
huk1, 1, huk, 1, h, 哭, 哭
huk6, 9, huk, 6, h, 酷, 酷鵠熇斛縠瀫槲嘝觳
hung1, 18, hung, 1, h, 空, 空穹胸兇凶烘洶匈吽芎悾崆箜倥恟涳忷哅
hung2, 3, hung, 2, h, 恐, 恐孔嗊
hung3, 7, hung, 3, h, 空, 空控哄嗅訌灴鞚
hung4, 14, hung, 4, h, 雄, 雄紅熊洪鴻虹烘黌訌魟葒篊蕻谼
hung6, 5, hung, 6, h, 哄, 哄汞鬨澒蕻
hyun1, 22, hyun, 1, h, 圈, 圈喧萱渲暄諼煖壎翾嬛萲塤棬懁晅愃鋗弮儇駽蠉諠
hyun2, 6, hyun, 2, h, 犬, 犬烜畎甽咺虇
hyun3, 10, hyun, 3, h, 勸, 勸券絢綣眴禤楥敻矎楦
hyut3, 5, hyut, 3, h, 血, 血瞲泬吷狘
jaa1, 1, jaa, 1, j, 吔, 吔
jaa5, 1, jaa, 5, j, 也, 也
jaa6, 2, jaa, 6, j, 廿, 廿廾
jaai2, 1, jaai, 2, j, 踹, 踹
jaak3, 4, jaak, 3, j, 吃, 吃喫猰窫
jaap6, 1, jaap, 6, j, 翕, 翕
jai4, 1, jai, 4, j, 曳, 曳
jai5, 1, jai, 5, j, 曳, 曳
jai6, 11, jai, 6, j, 洩, 洩曳泄抴跩拽枍枻勩詍跇
jam1, 13, jam, 1, j, 音, 音陰欽鑫瘖愔喑嶔歆顉廞呥霒
jam2, 2, jam, 2, j, 飲, 飲坅
jam3, 4, jam, 3, j, 飲, 飲蔭廕窨
jam4, 14, jam, 4, j, 任, 任吟淫簷壬婬檐霪妊銋崟鵀紝冘
jam5, 3, jam, 5, j, 飪, 飪荏衽
jam6, 6, jam, 6, j, 任, 任恁飪賃衽腍
jan1, 27, jan, 1, j, 因, 因欣恩姻殷甄茵訢昕湮炘忻慇氤堙裀洇銦諲闉焮禋絪歅駰黫垔
jan2, 7, jan, 2, j, 隱, 隱殷癮荵檃濦讔
jan3, 4, jan, 3, j, 印, 印釁舋焮
jan4, 6, jan, 4, j, 人, 人仁寅夤儿殥
jan5, 9, jan, 5, j, 引, 引忍蚓听戭縯朄靷螾
jan6, 13, jan, 6, j, 認, 認孕釁刃韌胤仞軔紉憖訒酳牣
jap1, 13, jap, 1, j, 泣, 泣揖邑挹熠翕悒浥湆湇裛俋唈
jap6, 1, jap, 6, j, 入, 入
jat1, 2, jat, 1, j, 一, 一壹
jat6, 15, jat, 6, j, 日, 日逸液溢軼腋佚鎰掖佾衵劮泆馹肸
jau1, 25, jau, 1, j, 優, 優休憂幽邱呦丘咻蚯坵优懮鵂茠庥嚘髹怮貅麀耰鄾蓲纋櫌
jau2, 9, jau, 2, j, 朽, 朽糗柚黝鈾懮煣泑糅
jau3, 2, jau, 3, j, 幼, 幼蚴
jau4, 38, jau, 4, j, 由, 由遊油尤游柔郵猶悠攸揉酋蹂魷鈾猷蝣泅訧怞繇疣蚰鯈斿楺蕕鞣庮囮沋葇輮冘逌輶楢浟
jau5, 12, jau, 5, j, 有, 有友誘酉莠牖庮禸槱銪羑卣
jau6, 13, jau, 6, j, 有, 有又右佑祐柚宥鼬囿釉侑褎狖
je4, 9, je, 4, j, 耶, 耶椰邪爺斜揶琊歋玡
je5, 7, je, 5, j, 若, 若野惹冶喏埜嘢
je6, 4, je, 6, j, 夜, 夜射偌廾
jeng2, 1, jeng, 2, j, 影, 影
jeng4, 1, jeng, 4, j, 贏, 贏
jeoi4, 3, jeoi, 4, j, 蕤, 蕤桵緌
jeoi5, 4, jeoi, 5, j, 蕊, 蕊擩繠橤
jeoi6, 9, jeoi, 6, j, 銳, 銳叡蕊睿裔芮蚋枘汭
jeon2, 1, jeon, 2, j, 膶, 膶
jeon6, 3, jeon, 6, j, 潤, 潤閏撋
ji1, 22, ji, 1, j, 她, 她依醫衣伊椅噫漪咿翳蛜禕欹猗嫛繄郼黟瑿毉黳鷖
ji2, 11, ji, 2, j, 倚, 倚椅綺漪旖扆銥偯陭踦齮
ji3, 12, ji, 3, j, 意, 意議衣懿薏鐿饐嫕殪鷾瘞瘱
ji4, 62, ji, 4, j, 而, 而台兒疑宜移誼擬儀怡咦蛇夷姨頤沂貽詒飴迤皚痍彞栘衪胰圯迆洏狋栭眙酏螔簃輀桋胹臑鴯杝陑宧匜侇柂洟眱羠聏唲鸃訑耏袘袲椸迻嶷貤鮞觺
ji5, 20, ji, 5, j, 以, 以已議爾耳擬矣邇洱迤薾苡迆佁駬鉺尒儗崺薿
ji6, 19, ji, 6, j, 二, 二義易異施食誼貳肄异劓羛勩潩佴咡樲刵廙
jik1, 13, jik, 1, j, 憶, 憶益億抑臆鬩醷澺膉嗌肊繶檍
jik6, 40, jik, 6, j, 易, 易亦射譯役翼逆液疫奕蜴驛埸弋翊繹翌睪腋懌弈掖鷁艗斁鷊嶧黓帟杙圛燚燡譺垼芅瀷醳嶷鶂
jim1, 11, jim, 1, j, 厭, 厭淹奄閹醃懨腌崦嬮噞淊
jim2, 14, jim, 2, j, 掩, 掩奄魘黤黭揜龑厴黶弇罨裺隒渰
jim3, 5, jim, 3, j, 厭, 厭俺饜嬮猒
jim4, 15, jim, 4, j, 嚴, 嚴嫌炎鹽閻焰簷髯檐蚺閆阽蛅呥壛
jim5, 10, jim, 5, j, 染, 染儼冉苒琰剡顩扊姌橪
jim6, 9, jim, 6, j, 驗, 驗豔燄艷焰灩焱釅爓
jin1, 16, jin, 1, j, 煙, 煙燕殷焉菸鴛咽嫣蔫湮胭鄢臙驠傿閼
jin2, 12, jin, 2, j, 演, 演衍偃鼴戭堰郾鶠匽蝘鰋躽
jin3, 11, jin, 3, j, 燕, 燕宴咽嚥嬿讌烻酀鷰醼曣
jin4, 23, jin, 4, j, 然, 然言研賢延弦燃焉絃妍涎蜒筵舷揅唌埏狿蚿綖莚鋋郔
jin5, 9, jin, 5, j, 演, 演衍兗睍沇俔晛甗巘
jin6, 14, jin, 6, j, 現, 現見研彥諺硯唁峴莧讞喭齴齞鋧
jing1, 17, jing, 1, j, 應, 應英鷹櫻嬰瑛鸚膺賏纓嚶瓔嫈霙攖瀴蘡
jing2, 5, jing, 2, j, 影, 影景映瀴癭
jing3, 1, jing, 3, j, 應, 應
jing4, 37, jing, 4, j, 形, 形型仍迎營螢贏凝盈刑瑩蠅扔嶸縈瀛嬴瀅邢楹熒陘塋礽滎謍瀠娙侀鉶濴籯鎣硎瀯艿陾
jing5, 1, jing, 5, j, 郢, 郢
jing6, 3, jing, 6, j, 認, 認迎媵
jip3, 6, jip, 3, j, 靨, 靨醃掖殗擫饁
jip6, 13, jip, 6, j, 業, 業葉頁孽嘩曄燁鄴偞鍱楪嶪蠥
jit3, 3, jit, 3, j, 噎, 噎咽謁
jit6, 13, jit, 6, j, 熱, 熱孽臬摰齧糱闑嵲臲櫱蠮槷蠥
jiu1, 10, jiu, 1, j, 要, 要邀么腰妖夭吆徼葽喓
jiu2, 11, jiu, 2, j, 擾, 擾繞窈夭杳鷂窅宎眑殀窔
jiu3, 2, jiu, 3, j, 要, 要穾
jiu4, 28, jiu, 4, j, 搖, 搖遙謠陶堯饒姚瑤僥窯垚傜蕘洮嬈繇蟯榣銚颻珧徭媱軺鰩愮嶢猺
jiu5, 9, jiu, 5, j, 擾, 擾繞舀遶抭騕扰偠溔
jiu6, 6, jiu, 6, j, 耀, 耀曜燿鷂筄鷕
jo1, 2, jo, 1, j, 唷, 唷喲
joek3, 3, joek, 3, j, 約, 約躍葯
joek6, 26, joek, 6, j, 若, 若藥弱躍曰鑰籲虐謔葯瘧渃箬禴汋籥篛蒻楉爚龠蘥鈅瀹礿鄀
joeng1, 8, joeng, 1, j, 央, 央鴦殃泱秧鞅柍鉠
joeng2, 4, joeng, 2, j, 鞅, 鞅怏柍抰
joeng3, 1, joeng, 3, j, 怏, 怏
joeng4, 26, joeng, 4, j, 陽, 陽楊洋揚羊颺徉攘佯瘍烊鍚暘蛘煬瑒瀼鸉禳昜勷蘘垟穰儴禓
joeng5, 13, joeng, 5, j, 養, 養仰癢氧壤嚷攘卬痒蛘坱鬤佒
joeng6, 10, joeng, 6, j, 樣, 樣讓養釀嚷漾恙蠰羕瀁
juk1, 16, juk, 1, j, 旭, 旭澳昱郁毓煜沃彧燠勗頊勖隩鋈薁喐
juk6, 21, juk, 6, j, 育, 育欲肉玉谷獄辱慾浴鈺堉褥鵒淯鬻峪溽鄏縟蓐鳿
jung1, 15, jung, 1, j, 翁, 翁嗡嗈雍壅癰邕鶲噰饔澭雝灉螉廱
jung2, 16, jung, 2, j, 擁, 擁踴湧冗蓊俑蛹恿涌甬壅臃踊埇滃塕
jung3, 1, jung, 3, j, 雍, 雍
jung4, 31, jung, 4, j, 容, 容庸濃融蓉溶榕絨傭熔慵墉鎔鏞戎茸瑢鰫羢喁顒鄘茙狨嵱毧肜傛瀜鰅鷛
jung5, 4, jung, 5, j, 勇, 勇茸氄軵
jung6, 3, jung, 6, j, 用, 用佣傛
jyu1, 12, jyu, 1, j, 於, 於于淤迂瘀紆玗扜杅陓邘衧
jyu2, 6, jyu, 2, j, 噢, 噢淤瘀傴嫗偊
jyu3, 8, jyu, 3, j, 淤, 淤煦瘀酗飫棜醧饇
jyu4, 73, jyu, 4, j, 如, 如與魚餘予于愉儒瑜愚余漁娛嶼逾渝茹虞輿隅俞孺竽榆雩濡妤諛臾覦揄腴畬踰盂萸歟嵎禺鴽嚅襦嬬褕牏隃袽喁謣蝓歈挐狳窬齵鸒舁旟醹帤湡艅蕠薷毹圩轝睮蕍羭璵鰅鸆
jyu5, 31, jyu, 5, j, 與, 與女語雨宇予羽汝乳禹瘐庾瑀齬窳圄擩与楀麌圉鄅俁萭鋙籹敔蘌噳貐斞
jyu6, 27, jyu, 6, j, 與, 與語預遇雨愈裕愉譽喻禦豫籲寓御癒茹隅諭孺馭瘉洳銣澦蕷藇
jyun1, 12, jyun, 1, j, 淵, 淵冤宛鴛蜿鳶眢蜎鼘肙鵷奫
jyun2, 16, jyun, 2, j, 院, 院阮苑婉宛惋烷琬菀畹睕朊晼夗踠倇
jyun3, 3, jyun, 3, j, 怨, 怨夗惌
jyun4, 54, jyun, 4, j, 原, 原完員元園源緣援縣圓丸弦玄沿袁懸鉛炫轅猿媛洹隕爰沅圜紈芫螈嫄盷黿刓蚖邧杬湲岏騵伭堧鈆楥邍蝝汍捖芄蝯羱抏櫞榬壖
jyun5, 12, jyun, 5, j, 遠, 遠軟阮蠕鉉泫蝡耎薳礝鞙瓀
jyun6, 17, jyun, 6, j, 遠, 遠願院援縣炫愿媛眩瑗眴繯琄垸昡掾衒
jyut3, 3, jyut, 3, j, 乙, 乙爇釔
jyut6, 19, jyut, 6, j, 說, 說月越閱曰悅穴粵聿玥鉞刖軏抈戉鳦泧噦樾
kaa1, 6, kaa, 1, k, 哈, 哈卡咖喀擖佧
kaa2, 1, kaa, 2, k, 卡, 卡
kaa3, 2, kaa, 3, k, 喀, 喀髂
kaai2, 2, kaai, 2, k, 楷, 楷鍇
kaak1, 1, kaak, 1, k, 緙, 緙
kaat1, 2, kaat, 1, k, 卡, 卡咭
kaau3, 2, kaau, 3, k, 靠, 靠銬
kai1, 6, kai, 1, k, 溪, 溪稽谿嵇鸂磎
kai2, 4, kai, 2, k, 啟, 啟稽綮棨
kai3, 5, kai, 3, k, 契, 契愒栔瘛瘈
kam1, 5, kam, 1, k, 禁, 禁襟衿噤衾
kam2, 1, kam, 2, k, 冚, 冚
kam4, 7, kam, 4, k, 琴, 琴禽擒芩噙靲檎
kam5, 1, kam, 5, k, 妗, 妗
kan4, 6, kan, 4, k, 勤, 勤芹慬懃廑斳
kan5, 1, kan, 5, k, 近, 近
kang2, 2, kang, 2, k, 鯁, 鯁骾
kang3, 2, kang, 3, k, 掯, 掯裉
kap1, 13, kap, 1, k, 給, 給級吸圾汲笈岌歙扱伋极潝鈒
kap6, 1, kap, 6, k, 及, 及
kat1, 2, kat, 1, k, 咳, 咳欬
kau1, 4, kau, 1, k, 溝, 溝摳彄芤
kau3, 12, kau, 3, k, 構, 構購扣寇叩蔻釦怐筘构鷇滱
kau4, 23, kau, 4, k, 球, 球求仇裘逑毬訄虯璆俅絿犰梂鼽釚巰蛷觩艽賕銶厹朹
kau5, 2, kau, 5, k, 舅, 舅臼
ke1, 1, ke, 1, k, 茄, 茄
ke4, 4, ke, 4, k, 騎, 騎伽茄瘸
kei1, 7, kei, 1, k, 崎, 崎畸欹陭踑攲觭
kei2, 1, kei, 2, k, 企, 企
kei3, 6, kei, 3, k, 暨, 暨亟冀驥塈臮
kei4, 42, kei, 4, k, 其, 其期奇騎棋旗琪枝祈歧琦祇祺麒淇岐祁騏俟鰭錡耆埼頎圻旂萁蘄亓鯕蜞綦鮨碕隑跂蚑肵疧鬿鬐騹
kei5, 2, kei, 5, k, 企, 企跂
kek6, 2, kek, 6, k, 劇, 劇屐
keoi1, 20, keoi, 1, k, 區, 區驅俱拘軀駒嶇袪祛抾佉佝痀鮈敺魼泃呿阹胠
keoi4, 26, keoi, 4, k, 渠, 渠瞿鴝璩衢磲胊絇劬蕖蠼鐻鼩躣豦籧蠷蟝蘧斪朐懅氍臞軥灈
keoi5, 4, keoi, 5, k, 距, 距拒佢竘
kim4, 7, kim, 4, k, 鉗, 鉗箝黔鈐拑岒黚
kin2, 1, kin, 2, k, 㨴, 㨴
kin4, 5, kin, 4, k, 乾, 乾虔掮鰬揵
king1, 1, king, 1, k, 傾, 傾
king2, 2, king, 2, k, 頃, 頃廎
king4, 14, king, 4, k, 擎, 擎凝瓊鯨煢嬛擏藑黥檠勍璚殑惸
kit3, 24, kit, 3, k, 蠍, 蠍契羯揭竭頡詰擷訐遏謁孑黠鍥挈碣劼朅纈嵑楬絜襭蛣
kiu1, 1, kiu, 1, k, 鷮, 鷮
kiu2, 4, kiu, 2, k, 巧, 巧蹺矯蹻
kiu3, 2, kiu, 3, k, 竅, 竅躈
kiu4, 9, kiu, 4, k, 橋, 橋僑喬翹蕎荍礄嘺趫
kiu5, 2, kiu, 5, k, 皛, 皛繑
ko1, 1, ko, 1, k, 鈳, 鈳
koek3, 1, koek, 3, k, 卻, 卻
koek6, 3, koek, 6, k, 噱, 噱醵臄
koeng4, 3, koeng, 4, k, 強, 強彊嵹
koeng5, 7, koeng, 5, k, 強, 強彊襁羥弶繈鏹
koi2, 1, koi, 2, k, 慨, 慨
koi3, 11, koi, 3, k, 概, 概蓋咳慨丐溉鈣愾愒欬戤
kok1, 1, kok, 1, k, 搉, 搉
kok3, 14, kok, 3, k, 確, 確郝榷壑恪涸搉愨埆塙碻礐确愘
kong2, 1, kong, 2, k, 慷, 慷
kong3, 14, kong, 3, k, 抗, 抗亢炕伉爌閌邟懭匟夼穬犺絖鈧
kong4, 2, kong, 4, k, 狂, 狂鵟
ku1, 1, ku, 1, k, 箍, 箍
kui2, 21, kui, 2, k, 會, 會繪賄潰劊檜薈膾獪儈憒澮聵鄶襘鱠禬繢旝廥闠
kuk1, 2, kuk, 1, k, 曲, 曲蛐
kung4, 9, kung, 4, k, 穹, 穹窮芎跫蛩藭銎笻邛
kut3, 10, kut, 3, k, 括, 括豁聒适栝髺鴰濊筈鬠
kwaa1, 6, kwaa, 1, kw, 誇, 誇跨垮夸姱銙
kwaa2, 3, kwaa, 2, kw, 褂, 褂骻侉
kwaa3, 4, kwaa, 3, kw, 掛, 掛跨胯挎
kwaai3, 1, kwaai, 3, kw, 嘳, 嘳
kwaang1, 3, kwaang, 1, kw, 框, 框眶筐
kwaang3, 1, kwaang, 3, kw, 逛, 逛
kwai1, 12, kwai, 1, kw, 規, 規虧窺奎盔睽槻瞡闚槼巋嫢
kwai2, 3, kwai, 2, kw, 蹞, 蹞跬頍
kwai3, 3, kwai, 3, kw, 愧, 愧媿騩
kwai4, 19, kwai, 4, kw, 攜, 攜葵揆逵畦馗夔暌騤頄酅觿驨頯蠵犪鑴戣聧
kwai5, 2, kwai, 5, kw, 愧, 愧揆
kwan1, 10, kwan, 1, kw, 均, 均坤鈞髡囷碅猑騉峮菎
kwan2, 10, kwan, 2, kw, 菌, 菌捆綑壼梱悃閫稛攗捃
kwan3, 4, kwan, 3, kw, 困, 困睏窘箘
kwan4, 4, kwan, 4, kw, 群, 群裙宭麇
kwok3, 4, kwok, 3, kw, 擴, 擴廓彉鞹
kwong3, 9, kwong, 3, kw, 礦, 礦曠鄺壙爌纊懭穬絖
kwong4, 1, kwong, 4, kw, 狂, 狂
kyun4, 12, kyun, 4, k, 權, 權卷拳蜷顴鬈惓踡婘齤巏蠸
kyut3, 33, kyut, 3, k, 決, 決缺訣抉闕厥譎闋獗蹶蕨孓噘芵撅鴃鱖瘚鐍橛炔趹劂觼泬玦駃觖蒛鵙鈌钁潏
kyut6, 1, kyut, 6, k, 蟨, 蟨
laa1, 6, laa, 1, l, 啦, 啦拉喇砬鞡嘞
laa3, 1, laa, 3, l, 罅, 罅
laai1, 2, laai, 1, l, 拉, 拉孻
laai2, 1, laai, 2, l, 舐, 舐
laai3, 1, laai, 3, l, 癩, 癩
laai6, 7, laai, 6, l, 落, 落賴瀨酹籟藾攋
laak3, 1, laak, 3, l, 嘞, 嘞
laak6, 3, laak, 6, l, 勒, 勒肋砳
laam2, 2, laam, 2, l, 攬, 攬杬
laam4, 8, laam, 4, l, 藍, 藍籃嵐婪襤惏礛嚂
laam5, 5, laam, 5, l, 覽, 覽欖攬杬爦
laam6, 8, laam, 6, l, 艦, 艦濫纜檻灠爁轞嚂
laan1, 1, laan, 1, l, 躝, 躝
laan4, 11, laan, 4, l, 蘭, 蘭欄攔闌瀾斕籣鑭襴讕灡
laan5, 2, laan, 5, l, 懶, 懶嬾
laan6, 2, laan, 6, l, 爛, 爛糷
laang1, 1, laang, 1, l, 唥, 唥
laang5, 1, laang, 5, l, 冷, 冷
laap3, 1, laap, 3, l, 擸, 擸
laap6, 10, laap, 6, l, 立, 立拉垃蠟臘邋鑞腊擸翋
laat6, 7, laat, 6, l, 列, 列辣剌邋迾瘌鬎
lai1, 1, lai, 1, l, 欐, 欐
lai2, 2, lai, 2, l, 戾, 戾捩
lai4, 7, lai, 4, l, 來, 來黎犁黧藜蔾嚟
lai5, 9, lai, 5, l, 禮, 禮豊鱧澧蠡醴剺攭劙
lai6, 18, lai, 6, l, 例, 例麗厲勵隸蠣儷礪荔捩迣癘砅濿攦悷栵糲
lak6, 11, lak, 6, l, 勒, 勒肋朸鰳阞仂泐扐屴竻簕
lam1, 1, lam, 1, l, 冧, 冧
lam2, 1, lam, 2, l, 諗, 諗
lam3, 1, lam, 3, l, 冧, 冧
lam4, 7, lam, 4, l, 林, 林臨霖琳淋痳菻
lam5, 6, lam, 5, l, 凜, 凜稟懍廩壈檁
lap1, 4, lap, 1, l, 粒, 粒凹笠苙
lap6, 3, lap, 6, l, 立, 立鴗搚
lat1, 1, lat, 1, l, 甩, 甩
lau1, 2, lau, 1, l, 嘍, 嘍摟
lau4, 41, lau, 4, l, 流, 流留樓劉溜嘍琉瀏硫瘤摟榴髏餾婁蹓螻鰡遛懰鶹騮僂廔蔞窶蟉鎏瞜艛鎦摎耬旒慺飀鞻漻飂寠鏐
lau5, 9, lau, 5, l, 柳, 柳摟縷褸簍塿綹嶁罶
lau6, 13, lau, 6, l, 露, 露漏溜陋餾鏤蹓遛鷚翏瘺霤廇
le1, 2, le, 1, l, 咧, 咧哩
le2, 1, le, 2, l, 咧, 咧
le4, 1, le, 4, l, 咧, 咧
le5, 1, le, 5, l, 褦, 褦
lei1, 1, lei, 1, l, 喱, 喱
lei4, 33, lei, 4, l, 離, 離璃梨狸釐籬漓罹貍霾鸝厘琍犛驪魑灕藜蘺鱺褵篱蜊筣梩氂嫠醨漦縭鵹孋嚟
lei5, 14, lei, 5, l, 理, 理裡妳李里哩履鯉浬鋰俚娌邐峛
lei6, 12, lei, 6, l, 利, 利離莉俐蒞吏痢詈猁浰鬁脷
lek1, 1, lek, 1, l, 叻, 叻
lek6, 1, lek, 6, l, 壢, 壢
lem2, 1, lem, 2, l, 舐, 舐
leng1, 1, leng, 1, l, 僆, 僆
leng3, 1, leng, 3, l, 靚, 靚
leng4, 2, leng, 4, l, 靈, 靈鯪
leng5, 2, leng, 5, l, 領, 領嶺
leoi3, 1, leoi, 3, l, 櫚, 櫚
leoi4, 25, leoi, 4, l, 雷, 雷累驢蕾擂閭鐳羸纍櫚罍嫘畾虆櫑蘲轠縲藘欙檑惀樏氀儽
leoi5, 30, leoi, 5, l, 壘, 壘累旅呂侶蕾履屢鋁磊儡縷閭褸漯膂穭梠櫐櫑絫儢癗磥郘蠝鸓灅藟謱
leoi6, 18, leoi, 6, l, 類, 類慮累淚濾戾唳纇耒盭沴勴誄礧禷蘱礌鑢
leon2, 1, leon, 2, l, 卵, 卵
leon4, 26, leon, 4, l, 論, 論輪倫鄰麟淪綸崙鱗侖磷遴嶙粼掄璘燐圇驎轔潾疄膦菕瞵鏻
leon5, 1, leon, 5, l, 卵, 卵
leon6, 9, leon, 6, l, 論, 論吝紊藺磷躪橉蹸閵
leot6, 19, leot, 6, l, 率, 率壘律栗慄聿瑮遹溧搮硉嵂膟鷅麜繂篥葎噊
li1, 1, li, 1, l, 唎, 唎
lik1, 11, lik, 1, l, 爍, 爍瀝礫櫪叻櫟瓅轢擽扐躒
lik6, 16, lik, 6, l, 力, 力歷靂曆瀝秝鬲朸酈嚦厤皪轣藶屴磿
lim2, 1, lim, 2, l, 舐, 舐
lim4, 12, lim, 4, l, 廉, 廉簾濂鐮帘瞼鎌蠊奩溓鬑磏
lim5, 3, lim, 5, l, 臉, 臉羷溓
lim6, 8, lim, 6, l, 斂, 斂歛殮瀲薟蘞澰襝
lin4, 10, lin, 4, l, 連, 連憐蓮鰱鏈漣璉謰嗹褳
lin5, 5, lin, 5, l, 輦, 輦璉攆僆摙
lin6, 6, lin, 6, l, 練, 練鍊煉楝湅浰
ling1, 1, ling, 1, l, 拎, 拎
ling2, 1, ling, 2, l, 擰, 擰
ling4, 46, ling, 4, l, 令, 令靈零齡玲鈴凌陵聆伶檸菱稜苓楞泠綾羚翎崚淩鴒怜堎棱囹櫺呤蛉舲蔆夌蘦薐醽岭柃笭瓴詅欞輘狑軨酃霝
ling5, 2, ling, 5, l, 領, 領嶺
ling6, 5, ling, 6, l, 另, 另令愣擰睖
lip6, 7, lip, 6, l, 獵, 獵臘擸犣鬣儠躐
lit3, 2, lit, 3, l, 結, 結纈
lit6, 15, lit, 6, l, 列, 列烈裂冽捩迣洌迾趔鴷鮤茢蛚颲綟
liu1, 3, liu, 1, l, 撩, 撩撂鷯
liu2, 3, liu, 2, l, 了, 了撩潦
liu4, 30, liu, 4, l, 聊, 聊瞭療寮遼僚寥撩潦獠膫繚嘹燎鐐飉膋翏嫽蟟橑簝鷯嵺嶚憀漻飂敹豂
liu5, 7, liu, 5, l, 了, 了瞭暸蓼憭鄝釕
liu6, 4, liu, 6, l, 料, 料廖燎尥
lo1, 3, lo, 1, l, 囉, 囉咯旯
lo2, 7, lo, 2, l, 裸, 裸砢蠃臝瘰蓏攞
lo3, 2, lo, 3, l, 咯, 咯摞
lo4, 15, lo, 4, l, 羅, 羅囉邏螺鑼蘿儸籮騾玀鸁蠃腡欏覶
lo5, 1, lo, 5, l, 卵, 卵
lo6, 1, lo, 6, l, 邏, 邏
loek6, 2, loek, 6, l, 略, 略掠
loeng2, 1, loeng, 2, l, 兩, 兩
loeng4, 13, loeng, 4, l, 量, 量良涼梁樑糧粱踉椋俍茛莨輬
loeng5, 6, loeng, 5, l, 兩, 兩倆魎緉裲啢
loeng6, 7, loeng, 6, l, 量, 量亮諒輛喨悢倞
loi4, 10, loi, 4, l, 來, 來萊徠崍錸騋淶棶郲鶆
loi6, 5, loi, 6, l, 來, 來睞耒誄賚
lok3, 11, lok, 3, l, 絡, 絡洛駱烙酪咯胳珞犖雒躒
lok6, 7, lok, 6, l, 樂, 樂落絡洛駱硌濼
long1, 1, long, 1, l, 啷, 啷
long4, 17, long, 4, l, 浪, 浪郎狼螂廊榔琅瑯桹鋃踉蜋硠筤茛莨稂
long5, 6, long, 5, l, 朗, 朗閬崀悢烺塱
long6, 4, long, 6, l, 浪, 浪晾蒗埌
lou1, 2, lou, 1, l, 撈, 撈嚕
lou2, 1, lou, 2, l, 佬, 佬
lou4, 33, lou, 4, l, 勞, 勞爐牢盧撈蘆廬顱嘮鱸轤癆臚蟧蠦鐒壚鑪瀘僗艫玈嶗醪籚漊浶鸕纑櫨罏簩謱
lou5, 21, lou, 5, l, 老, 老魯滷虜姥擄潦鹵獠櫓荖栳艣銠狫橑轑恅氌蓾磠
lou6, 13, lou, 6, l, 路, 路露勞鷺酪潞賂璐澇輅蕗簬嫪
luk1, 5, luk, 1, l, 碌, 碌麓轆睩簏
luk6, 30, luk, 6, l, 錄, 錄六角陸綠鹿祿戮氯蓼漉騄籙摝甪醁淥菉稑觻坴僇彔琭逯磟踛穋盝鯥
lung1, 1, lung, 1, l, 窿, 窿
lung4, 20, lung, 4, l, 龍, 龍隆籠瓏嚨朧聾窿瀧矓礱蘢櫳蠪癃鑨巃曨躘襱
lung5, 6, lung, 5, l, 攏, 攏槓壟隴徿儱
lung6, 3, lung, 6, l, 弄, 弄衖哢
lyun1, 2, lyun, 1, l, 攣, 攣癵
lyun4, 10, lyun, 4, l, 聯, 聯巒欒鑾鸞攣孿灤羉圞
lyun5, 3, lyun, 5, l, 戀, 戀臠孌
lyun6, 1, lyun, 6, l, 亂, 亂
lyut3, 7, lyut, 3, l, 劣, 劣酹捋脟鋝哷埒
m2, 1, m, 2, m, 呣, 呣
m4, 1, m, 4, m, 唔, 唔
m6, 1, m, 6, m, 呣, 呣
maa1, 7, maa, 1, m, 麼, 麼嗎媽螞嬤孖嚜
maa2, 1, maa, 2, m, 媽, 媽
maa3, 2, maa, 3, m, 嗎, 嗎嘛
maa4, 7, maa, 4, m, 嘛, 嘛麻痲蟆嬤痳嫲
maa5, 8, maa, 5, m, 嗎, 嗎馬碼媽瑪螞榪鎷
maa6, 5, maa, 6, m, 罵, 罵螞傌禡榪
maai4, 3, maai, 4, m, 埋, 埋霾薶
maai5, 1, maai, 5, m, 買, 買
maai6, 3, maai, 6, m, 賣, 賣邁勱
maak1, 1, maak, 1, m, 嚜, 嚜
maak3, 1, maak, 3, m, 擘, 擘
maak6, 1, maak, 6, m, 麥, 麥
maan4, 7, maan, 4, m, 蠻, 蠻饅蔓鰻謾鬘姏
maan5, 4, maan, 5, m, 晚, 晚脕娩矕
maan6, 18, maan, 6, m, 萬, 萬慢漫曼蔓謾万卍脕幔嫚縵墁僈槾熳鄤鏝
maang1, 1, maang, 1, m, 繃, 繃
maang2, 1, maang, 2, m, 蜢, 蜢
maang4, 4, maang, 4, m, 盲, 盲氓盳鄳
maang5, 4, maang, 5, m, 猛, 猛蜢艋錳
maang6, 1, maang, 6, m, 孟, 孟
maat3, 1, maat, 3, m, 抹, 抹
maat6, 1, maat, 6, m, 襪, 襪
maau1, 1, maau, 1, m, 貓, 貓
maau4, 7, maau, 4, m, 矛, 矛茅錨媌髳蟊蝥
maau5, 6, maau, 5, m, 牡, 牡卯昴茆鉚泖
maau6, 1, maau, 6, m, 貌, 貌
mai1, 1, mai, 1, m, 咪, 咪
mai4, 6, mai, 4, m, 迷, 迷謎瞇霾醚麛
mai5, 6, mai, 5, m, 米, 米咪弭敉眯渳
mai6, 3, mai, 6, m, 咪, 咪謎袂
mak1, 1, mak, 1, m, 嘜, 嘜
mak6, 16, mak, 6, m, 默, 默冒麥墨脈陌驀万貉貊眽嚜霢纆覛癦
man1, 3, man, 1, m, 文, 文蚊炆
man2, 1, man, 2, m, 抆, 抆
man4, 22, man, 4, m, 文, 文民聞雯紋閩蚊氓旻玟汶岷苠緡忞鼆鼤旼罠閿痻闅
man5, 20, man, 5, m, 敏, 敏吻閩憫閔紊泯愍刎黽抿暋澠湣抆怋鰶僶敃笢
man6, 8, man, 6, m, 文, 文問聞免紊汶絻璺
mang1, 1, mang, 1, m, 掹, 掹
mang3, 1, mang, 3, m, 掹, 掹
mang4, 3, mang, 4, m, 盟, 盟萌甍
mat1, 1, mat, 1, m, 乜, 乜
mat6, 13, mat, 6, m, 物, 物密勿蜜襪謐宓芴嘧蟔滵沕蔤
mau1, 1, mau, 1, m, 踎, 踎
mau4, 10, mau, 4, m, 謀, 謀眸牟繆哞侔蛑鍪麰鞪
mau5, 3, mau, 5, m, 某, 某牡畝
mau6, 9, mau, 6, m, 茂, 茂貿謬懋繆楙袤瞀鄮
me1, 3, me, 1, m, 咩, 咩乜孭
me5, 1, me, 5, m, 乜, 乜
mei1, 4, mei, 1, m, 瞇, 瞇眯屘溦
mei2, 1, mei, 2, m, 尾, 尾
mei4, 22, mei, 4, m, 微, 微眉彌媚薇楣瀰湄糜黴嵋獼麋縻堳蘼爢冞郿醾溦攠
mei5, 13, mei, 5, m, 美, 美尾靡娓鎂弭媺艉渼濔敉亹葞
mei6, 8, mei, 6, m, 未, 未味魅媚寐菋鮇煝
meng4, 1, meng, 4, m, 名, 名
meng6, 1, meng, 6, m, 命, 命
mi1, 2, mi, 1, m, 瞇, 瞇眯
mik2, 1, mik, 2, m, 幦, 幦
mik6, 9, mik, 6, m, 覓, 覓汨糸冪羃覛鼏塓幎
min4, 6, min, 4, m, 眠, 眠綿棉矊櫋媔
min5, 13, min, 5, m, 免, 免勉冕緬靦娩眄湎愐沔丏鮸偭
min6, 2, min, 6, m, 面, 面麵
ming4, 17, ming, 4, m, 名, 名明銘鳴冥茗瞑暝螟酩溟嫇洺眳榠蓂鄍
ming5, 6, ming, 5, m, 銘, 銘冥茗瞑皿酩
ming6, 2, ming, 6, m, 命, 命暝
mit1, 1, mit, 1, m, 搣, 搣
mit6, 6, mit, 6, m, 滅, 滅蔑篾衊幭蠛
miu1, 1, miu, 1, m, 喵, 喵
miu4, 4, miu, 4, m, 貓, 貓描苗瞄
miu5, 11, miu, 5, m, 秒, 秒渺窈藐淼杳緲邈杪眇訬
miu6, 4, miu, 6, m, 妙, 妙廟繆玅
mo1, 4, mo, 1, m, 麼, 麼魔摩嚤
mo2, 1, mo, 2, m, 摸, 摸
mo4, 5, mo, 4, m, 磨, 磨蘑饃劘藦
mo6, 2, mo, 6, m, 磨, 磨塺
mok1, 1, mok, 1, m, 剝, 剝
mok3, 1, mok, 3, m, 摸, 摸
mok6, 11, mok, 6, m, 幕, 幕莫寞漠膜邈貘鏌瘼幙鄚
mong4, 20, mong, 4, m, 忘, 忘忙亡茫芒氓硭汒庬鋩虻蘉杗尨邙牻厖甿駹哤
mong5, 12, mong, 5, m, 網, 網妄惘莽罔蟒魍网漭輞茻菵
mong6, 3, mong, 6, m, 望, 望朢盳
mou4, 18, mou, 4, m, 無, 無模毛亡巫毋膜糢蕪誣摹旄髦謨嫵橆嫫酕
mou5, 19, mou, 5, m, 武, 武舞母姆嘸侮鵡姥拇冇嫵砪憮潕廡膴碔鉧甒
mou6, 23, mou, 6, m, 務, 務莫冒帽慕霧暮墓募戊旄騖鶩芼耄瑁蝐婺媢毷眊鞪楘
mui4, 13, mui, 4, m, 梅, 梅媒玫霉枚煤莓脢苺鋂塺腜禖
mui5, 3, mui, 5, m, 每, 每挴浼
mui6, 9, mui, 6, m, 妹, 妹魅昧眛沬瑁蝐痗韎
muk6, 12, muk, 6, m, 目, 目木牧穆沐繆睦苜霂鉬坶毣
mun1, 1, mun, 1, m, 顢, 顢
mun4, 13, mun, 4, m, 們, 們門瞞捫蹣顢璊穈樠鞔悗鍆虋
mun5, 2, mun, 5, m, 滿, 滿悗
mun6, 4, mun, 6, m, 悶, 悶燜懣鞔
mung2, 1, mung, 2, m, 懵, 懵
mung4, 16, mung, 4, m, 蒙, 蒙朦檬矇濛懵礞瞢曚雺幪尨艨鸏氋饛
mung5, 3, mung, 5, m, 懵, 懵蠓懞
mung6, 2, mung, 6, m, 夢, 夢霿
mut3, 3, mut, 3, m, 抹, 抹沫秣
mut6, 7, mut, 6, m, 沒, 沒末茉歿妺靺歾
naa1, 1, naa, 1, n, 哪, 哪
naa2, 1, naa, 2, n, 乸, 乸
naa4, 6, naa, 4, n, 哪, 哪拿娜拏挐嗱
naa5, 2, naa, 5, n, 那, 那哪
naa6, 1, naa, 6, n, 那, 那
naai1, 1, naai, 1, n, 奶, 奶
naai5, 9, naai, 5, n, 妳, 妳乃奶迺鼐氖嬭艿釢
naai6, 1, naai, 6, n, 褦, 褦
naam3, 1, naam, 3, n, 揇, 揇
naam4, 10, naam, 4, n, 男, 男南喃楠囡囝蚺諵蝻柟
naam5, 3, naam, 5, n, 腩, 腩淰揇
naan4, 2, naan, 4, n, 難, 難嶩
naan5, 2, naan, 5, n, 赧, 赧戁
naan6, 1, naan, 6, n, 難, 難
naap6, 6, naap, 6, n, 內, 內納衲鈉妠軜
naat3, 1, naat, 3, n, 鈉, 鈉
naat6, 1, naat, 6, n, 捺, 捺
naau4, 14, naau, 4, n, 撓, 撓錨鐃橈呶蟯怓峱挐猱譊獶夒獿
naau5, 1, naau, 5, n, 撓, 撓
naau6, 3, naau, 6, n, 鬧, 鬧淖臑
nai4, 2, nai, 4, n, 泥, 泥坭
nam2, 1, nam, 2, n, 諗, 諗
nam4, 2, nam, 4, n, 淰, 淰腍
nam5, 1, nam, 5, n, 稔, 稔
nam6, 1, nam, 6, n, 淰, 淰
nan2, 1, nan, 2, n, 撚, 撚
nang3, 1, nang, 3, n, 掕, 掕
nang4, 2, nang, 4, n, 能, 能坉
nap1, 2, nap, 1, n, 粒, 粒凹
nat6, 3, nat, 6, n, 吶, 吶訥肭
nau1, 1, nau, 1, n, 嬲, 嬲
nau2, 7, nau, 2, n, 扭, 扭紐鈕妞朽忸狃
nau4, 1, nau, 4, n, 杻, 杻
nau6, 7, nau, 6, n, 膩, 膩耨糅鎒檽獳腬
ne1, 1, ne, 1, n, 呢, 呢
ne6, 1, ne, 6, n, 乜, 乜
nei1, 2, nei, 1, n, 呢, 呢匿
nei4, 8, nei, 4, n, 呢, 呢尼妮彌瀰獼怩禰
nei5, 7, nei, 5, n, 你, 你您妳旎禰柅苨
nei6, 8, nei, 6, n, 泥, 泥膩餌珥衈眲鈮毦
neoi2, 1, neoi, 2, n, 女, 女
neoi5, 4, neoi, 5, n, 女, 女餒釹腇
neoi6, 1, neoi, 6, n, 女, 女
neot6, 4, neot, 6, n, 吶, 吶訥鷸肭
ng2, 1, ng, 2, ng, 嗯, 嗯
ng4, 12, ng, 4, ng, 吳, 吳吾唔梧蜈浯鋘鼯鋙峿郚珸
ng5, 7, ng, 5, ng, 五, 五午伍忤啎仵牾
ng6, 11, ng, 6, ng, 嗯, 嗯誤悟晤寤蘁迕俉遻痦焐
ngaa1, 1, ngaa, 1, ng, 鴉, 鴉
ngaa3, 3, ngaa, 3, ng, 埡, 埡齾掗
ngaa4, 7, ngaa, 4, ng, 牙, 牙芽衙蚜枒伢岈
ngaa5, 6, ngaa, 5, ng, 雅, 雅瓦疋庌厊佤
ngaa6, 5, ngaa, 6, ng, 訝, 訝御迓砑掗
ngaai1, 1, ngaai, 1, ng, 娭, 娭
ngaai3, 1, ngaai, 3, ng, 嗌, 嗌
ngaai4, 6, ngaai, 4, ng, 涯, 涯崖捱堐睚啀
ngaai6, 3, ngaai, 6, ng, 艾, 艾刈乂
ngaak1, 3, ngaak, 1, ng, 呃, 呃眲軶
ngaak3, 1, ngaak, 3, ng, 鈪, 鈪
ngaak6, 4, ngaak, 6, ng, 額, 額逆詻峉
ngaam1, 1, ngaam, 1, ng, 啱, 啱
ngaam4, 7, ngaam, 4, ng, 岩, 岩癌巖喦嵒碞麙
ngaan3, 2, ngaan, 3, ng, 晏, 晏鴳
ngaan4, 3, ngaan, 4, ng, 研, 研顏虤
ngaan5, 2, ngaan, 5, ng, 眼, 眼齴
ngaan6, 3, ngaan, 6, ng, 雁, 雁贗鴈
ngaang6, 1, ngaang, 6, ng, 硬, 硬
ngaat3, 4, ngaat, 3, ng, 堨, 堨齃餲猒
ngaat6, 2, ngaat, 6, ng, 齧, 齧扤
ngaau3, 3, ngaau, 3, ng, 拗, 拗靿詏
ngaau4, 6, ngaau, 4, ng, 淆, 淆爻餚肴崤殽
ngaau5, 1, ngaau, 5, ng, 咬, 咬
ngaau6, 1, ngaau, 6, ng, 樂, 樂
ngai3, 2, ngai, 3, ng, 翳, 翳豷
ngai4, 16, ngai, 4, ng, 兒, 兒危倪巍霓桅犩婗嵬麑齯郳蜺猊輗鯢
ngai5, 11, ngai, 5, ng, 蟻, 蟻蛾顗螘檥礒隗艤頠掜轙
ngai6, 15, ngai, 6, ng, 藝, 藝毅魏偽詣羿囈睨堄蓺鮨埶襼槸寱
ngak1, 4, ngak, 1, ng, 扼, 扼搹眲腛
ngam1, 1, ngam, 1, ng, 韽, 韽
ngam2, 1, ngam, 2, ng, 揞, 揞
ngam3, 1, ngam, 3, ng, 腤, 腤
ngam4, 3, ngam, 4, ng, 吟, 吟啽扲
ngan1, 1, ngan, 1, ng, 奀, 奀
ngan3, 1, ngan, 3, ng, 印, 印
ngan4, 10, ngan, 4, ng, 銀, 銀垠齦狺鄞狋誾嚚圁齗
ngan6, 2, ngan, 6, ng, 韌, 韌垽
ngang2, 1, ngang, 2, ng, 哽, 哽
ngap1, 4, ngap, 1, ng, 悒, 悒罨罯噏
ngap6, 1, ngap, 6, ng, 岌, 岌
ngat1, 1, ngat, 1, ng, 扤, 扤
ngat6, 16, ngat, 6, ng, 迄, 迄兀屹訖汔矻杌矹阢卼仡扢忔阣圪屼
ngau1, 4, ngau, 1, ng, 勾, 勾鉤熰鏂
ngau3, 2, ngau, 3, ng, 漚, 漚腢
ngau4, 1, ngau, 4, ng, 牛, 牛
ngau5, 4, ngau, 5, ng, 偶, 偶藕耦蕅
ngau6, 1, ngau, 6, ng, 吽, 吽
ngit6, 3, ngit, 6, ng, 囓, 囓嚙齧
ngo4, 13, ngo, 4, ng, 哦, 哦鵝俄峨娥訛蛾莪鋨囮睋硪吪
ngo5, 1, ngo, 5, ng, 我, 我
ngo6, 2, ngo, 6, ng, 臥, 臥餓
ngoi1, 1, ngoi, 1, ng, 氨, 氨
ngoi2, 3, ngoi, 2, ng, 凱, 凱皚堨
ngoi3, 1, ngoi, 3, ng, 璦, 璦
ngoi4, 4, ngoi, 4, ng, 呆, 呆獃皚騃
ngoi6, 3, ngoi, 6, ng, 外, 外礙閡
ngok3, 1, ngok, 3, ng, 噁, 噁
ngok6, 19, ngok, 6, ng, 樂, 樂岳嶽鱷噩愕萼顎鄂鶚諤鍔蘁齶咢櫮堮崿鸑
ngon1, 2, ngon, 1, ng, 胺, 胺銨
ngon6, 3, ngon, 6, ng, 岸, 岸犴豻
ngong1, 1, ngong, 1, ng, 骯, 骯
ngong4, 2, ngong, 4, ng, 昂, 昂卬
ngong5, 2, ngong, 5, ng, 仰, 仰昂
ngong6, 1, ngong, 6, ng, 戇, 戇
ngou1, 1, ngou, 1, ng, 擙, 擙
ngou3, 2, ngou, 3, ng, 芺, 芺嶴
ngou4, 21, ngou, 4, ng, 熬, 熬遨翱敖嗷鏖鰲螯鼇獒聱滶廒驁謷爊隞摮磝鏊璈
ngou6, 5, ngou, 6, ng, 傲, 傲遨敖奡鏊
nguk1, 1, nguk, 1, ng, 剭, 剭
ngung1, 1, ngung, 1, ng, 壅, 壅
ngung3, 1, ngung, 3, ng, 蕹, 蕹
ni1, 1, ni, 1, n, 呢, 呢
nik1, 8, nik, 1, n, 匿, 匿暱溺昵衵搦袙嫟
nik6, 2, nik, 6, n, 溺, 溺惄
nim1, 3, nim, 1, n, 黏, 黏拈棯
nim2, 1, nim, 2, n, 捻, 捻
nim4, 3, nim, 4, n, 黏, 黏粘鯰
nim6, 4, nim, 6, n, 念, 念唸廿棯
nin2, 3, nin, 2, n, 拈, 拈撚跈
nin4, 1, nin, 4, n, 年, 年
nin5, 3, nin, 5, n, 輾, 輾碾涊
ning4, 11, ning, 4, n, 寧, 寧檸嚀獰甯擰薴寍聹儜鸋
ning6, 5, ning, 6, n, 甯, 甯佞濘擰泞
nip6, 13, nip, 6, n, 捏, 捏涅聶鎳捻躡臬隉顳鑷苶敜掜
niu5, 7, niu, 5, n, 鳥, 鳥裊嬲嬝嫋褭蔦
niu6, 2, niu, 6, n, 尿, 尿溺
no1, 1, no, 1, n, 那, 那
no4, 7, no, 4, n, 那, 那娜挪儺撋捼挼
no5, 2, no, 5, n, 那, 那娜
no6, 4, no, 6, n, 那, 那懦糯懧
noeng4, 2, noeng, 4, n, 娘, 娘孃
noi5, 1, noi, 5, n, 餒, 餒
noi6, 6, noi, 6, n, 內, 內耐奈柰氝倷
nok6, 2, nok, 6, n, 諾, 諾鐸
nong4, 3, nong, 4, n, 囊, 囊囔瓤
nong5, 4, nong, 5, n, 曩, 曩躟攮灢
nong6, 1, nong, 6, n, 齉, 齉
nou4, 5, nou, 4, n, 奴, 奴帑駑孥笯
nou5, 6, nou, 5, n, 腦, 腦努惱弩瑙砮
nou6, 1, nou, 6, n, 怒, 怒
nuk6, 4, nuk, 6, n, 忸, 忸衄恧朒
nun2, 1, nun, 2, n, 撚, 撚
nung1, 1, nung, 1, n, 燶, 燶
nung4, 9, nung, 4, n, 農, 農濃儂膿噥穠譨醲襛
nung6, 1, nung, 6, n, 弄, 弄
nyun5, 4, nyun, 5, n, 暖, 暖煖餪渜
nyun6, 1, nyun, 6, n, 嫩, 嫩
o1, 11, o, 1, o, 喔, 喔阿柯珂婀軻痾屙婐牁匼
o2, 2, o, 2, o, 哦, 哦嚄
o4, 1, o, 4, o, 哦, 哦
oi1, 4, oi, 1, o, 唉, 唉哀埃欸
oi2, 9, oi, 2, o, 乃, 乃曖藹噯靄毐靉堨壒
oi3, 7, oi, 3, o, 愛, 愛曖璦嬡鑀僾薆
ok3, 3, ok, 3, o, 惡, 惡噁堊
on1, 6, on, 1, o, 安, 安胺鞍盎氨銨
on3, 4, on, 3, o, 案, 案按摁桉
ong1, 1, ong, 1, o, 骯, 骯
ong3, 3, ong, 3, o, 盎, 盎軮醠
ou1, 2, ou, 1, o, 鏖, 鏖爊
ou2, 3, ou, 2, o, 襖, 襖媼镺
ou3, 9, ou, 3, o, 奧, 奧澳噢懊襖芺隩墺嶴
paa1, 4, paa, 1, p, 趴, 趴扒葩跁
paa3, 2, paa, 3, p, 怕, 怕帕
paa4, 7, paa, 4, p, 爬, 爬琶扒耙杷掱朳
paai3, 3, paai, 3, p, 派, 派湃蒎
paai4, 6, paai, 4, p, 排, 排牌俳棑箄簰
paak1, 1, paak, 1, p, 啪, 啪
paak3, 9, paak, 3, p, 拍, 拍泊帕魄珀舶檗蘗汃
paan1, 4, paan, 1, p, 頒, 頒攀扳眅
paan3, 3, paan, 3, p, 盼, 盼袢襻
paang1, 9, paang, 1, p, 亨, 亨澎烹抨漰恲泙匉軯
paang4, 8, paang, 4, p, 棚, 棚彭澎鵬膨憉蟛輣
paang5, 2, paang, 5, p, 棒, 棒棓
paat6, 1, paat, 6, p, 坺, 坺
paau1, 3, paau, 1, p, 泡, 泡拋脬
paau2, 1, paau, 2, p, 跑, 跑
paau3, 6, paau, 3, p, 砲, 砲炮豹皰趵奅
paau4, 8, paau, 4, p, 咆, 咆庖刨匏鉋炰鞄鑤
pai1, 2, pai, 1, p, 批, 批錍
pai5, 1, pai, 5, p, 睥, 睥
pan1, 2, pan, 1, p, 噴, 噴歕
pan3, 4, pan, 3, p, 噴, 噴歕呠濆
pan4, 10, pan, 4, p, 頻, 頻蘋貧瀕顰嬪矉嚬蠙玭
pan5, 1, pan, 5, p, 牝, 牝
pang4, 10, pang, 4, p, 朋, 朋憑馮硼磞鬅堋弸倗淜
pat1, 2, pat, 1, p, 匹, 匹疋
pau2, 2, pau, 2, p, 剖, 剖瓿
pau3, 1, pau, 3, p, 婄, 婄
pau4, 4, pau, 4, p, 抔, 抔裒掊垺
pei1, 14, pei, 1, p, 被, 被披呸丕紕砒狉伾秠魾鎞髬翍駓
pei2, 8, pei, 2, p, 否, 否痞鄙苤仳圮嚭庀
pei3, 8, pei, 3, p, 屁, 屁譬媲堛嬖帔淠濞
pei4, 27, pei, 4, p, 比, 比皮罷疲脾琵毗毘埤紕裨枇鞞椑陴鈹鼙蜱邳郫魾蚍阰貔笓芘膍
pei5, 3, pei, 5, p, 被, 被婢庳
pek3, 1, pek, 3, p, 劈, 劈
pek6, 2, pek, 6, p, 劈, 劈擗
peng4, 2, peng, 4, p, 平, 平瓶
pik1, 11, pik, 1, p, 霹, 霹闢劈僻癖辟擗鷿澼釽甓
pin1, 9, pin, 1, p, 篇, 篇編扁偏翩蝙煸媥甂
pin3, 3, pin, 3, p, 片, 片騙遍
pin4, 10, pin, 4, p, 便, 便胼駢骿楄緶蹁諞跰楩
pin5, 1, pin, 5, p, 諞, 諞
ping1, 12, ping, 1, p, 拼, 拼抨砰乒娉怦姘甹頩俜伻淜
ping2, 1, ping, 2, p, 偋, 偋
ping3, 4, ping, 3, p, 拼, 拼併聘騁
ping4, 19, ping, 4, p, 平, 平評瓶坪屏萍蘋抨砰枰苹駢郱荓竮洴帡缾軿
pit3, 7, pit, 3, p, 撇, 撇瞥徶潎覕氕嫳
piu1, 8, piu, 1, p, 漂, 漂飄縹摽嘌薸彯螵
piu3, 6, piu, 3, p, 票, 票漂驃嘌篻僄
piu4, 2, piu, 4, p, 嫖, 嫖瓢
piu5, 11, piu, 5, p, 剽, 剽縹摽瞟慓鰾莩顠醥皫殍
po1, 5, po, 1, p, 頗, 頗坡陂樖岥
po2, 3, po, 2, p, 頗, 頗叵笸
po3, 1, po, 3, p, 破, 破
po4, 3, po, 4, p, 婆, 婆鄱皤
pok3, 13, pok, 3, p, 撲, 撲樸璞噗扑朴粕猼墣蒪鞄釙醭
pong1, 2, pong, 1, p, 滂, 滂乓
pong3, 5, pong, 3, p, 榜, 榜謗嗙搒艕
pong4, 15, pong, 4, p, 旁, 旁彷膀龐傍螃徬雱滂逄汸庬尨篣厖
pong5, 2, pong, 5, p, 蚌, 蚌耪
pou1, 3, pou, 1, p, 鋪, 鋪痡鯆
pou2, 9, pou, 2, p, 普, 普譜甫浦圃脯溥氆鐠
pou3, 3, pou, 3, p, 鋪, 鋪甫舖
pou4, 10, pou, 4, p, 浮, 浮菩袍葡浦蒲匍莆蒱酺
pou5, 3, pou, 5, p, 抱, 抱泡袌
pui1, 5, pui, 1, p, 胚, 胚柸坯醅衃
pui3, 9, pui, 3, p, 配, 配佩珮沛霈琲旆茷昢
pui4, 8, pui, 4, p, 陪, 陪培賠徘蓓裴坏毰
pui5, 3, pui, 5, p, 倍, 倍蓓碚
puk1, 1, puk, 1, p, 仆, 仆
pun1, 2, pun, 1, p, 番, 番潘
pun2, 1, pun, 2, p, 拚, 拚
pun3, 8, pun, 3, p, 判, 判胖拚拌泮沜頖牉
pun4, 15, pun, 4, p, 盤, 盤胖盆槃磐蹣弁蟠湓媻鞶縏幋磻洀
pun5, 1, pun, 5, p, 伴, 伴
pun6, 1, pun, 6, p, 葐, 葐
pung1, 1, pung, 1, p, 埲, 埲
pung2, 1, pung, 2, p, 捧, 捧
pung3, 4, pung, 3, p, 碰, 碰踫椪掽
pung4, 4, pung, 4, p, 蓬, 蓬篷芃髼
put3, 4, put, 3, p, 撥, 撥潑醱鏺
saa1, 12, saa, 1, s, 啥, 啥沙砂莎卅紗鯊痧裟逤唦魦
saa2, 3, saa, 2, s, 耍, 耍灑洒
saa3, 1, saa, 3, s, 嗄, 嗄
saai1, 1, saai, 1, s, 嘥, 嘥
saai2, 10, saai, 2, s, 璽, 璽徙屣舐纚蓰縰葸枲蹝
saai3, 4, saai, 3, s, 殺, 殺曬晒哂
saai5, 2, saai, 5, s, 舐, 舐咶
saak3, 3, saak, 3, s, 索, 索梀摵
saam1, 12, saam, 1, s, 三, 三參杉衫摻仨芟釤毿幓鬖穇
saam2, 1, saam, 2, s, 糝, 糝
saam3, 2, saam, 3, s, 三, 三摲
saan1, 12, saan, 1, s, 山, 山刪珊栓姍跚拴潸閂舢挻膻
saan2, 3, saan, 2, s, 散, 散潸粣
saan3, 8, saan, 3, s, 散, 散傘訕篡疝汕涮繖
saan4, 3, saan, 4, s, 潺, 潺孱僝
saang1, 5, saang, 1, s, 生, 生牲笙甥胜
saang2, 3, saang, 2, s, 省, 省渻眚
saap3, 15, saap, 3, s, 圾, 圾澀霎颯喢靸啑趿歃鎝馺濇萐箑翣
saat3, 11, saat, 3, s, 殺, 殺薩煞刷撒剎鎩蔱閷樧摋
saau1, 11, saau, 1, s, 梢, 梢鞘捎艄筲蛸旓鮹髾莦弰
saau2, 1, saau, 2, s, 稍, 稍
saau3, 3, saau, 3, s, 哨, 哨潲睄
saau4, 1, saau, 4, s, 睄, 睄
sai1, 11, sai, 1, s, 西, 西犀嘶茜篩樨硒恓簁氥粞
sai2, 5, sai, 2, s, 使, 使洗駛洒枲
sai3, 5, sai, 3, s, 世, 世細勢婿貰
sai6, 8, sai, 6, s, 逝, 逝誓噬筮遾遰簭澨
sak1, 2, sak, 1, s, 塞, 塞揌
sam1, 13, sam, 1, s, 心, 心參深森芯琛郴罧槮襂襳葠綝
sam2, 11, sam, 2, s, 沈, 沈審嬸瀋諗伈糝淰讅邥瞫
sam3, 3, sam, 3, s, 滲, 滲沁鏒
sam4, 7, sam, 4, s, 忱, 忱岑涔諶愖梣煁
sam6, 5, sam, 6, s, 什, 什甚葚椹黮
san1, 22, san, 1, s, 新, 新身神申辛伸薪呻紳莘燊砷甡鋅珅兟娠駪屾詵侁氠
san4, 8, san, 4, s, 神, 神晨臣辰蜃宸鷐桭
san5, 3, san, 5, s, 腎, 腎蜃脤
san6, 3, san, 6, s, 慎, 慎腎胂
sang1, 7, sang, 1, s, 生, 生牲僧笙甥鼪狌
sang3, 2, sang, 3, s, 擤, 擤蹭
sap1, 4, sap, 1, s, 濕, 濕澀溼譅
sap6, 4, sap, 6, s, 什, 什十甚拾
sat1, 7, sat, 1, s, 室, 室失瑟膝虱蝨璱
sat6, 3, sat, 6, s, 實, 實湜寔
sau1, 17, sau, 1, s, 修, 修收羞搜艘蒐餿嗖脩颼廋饈糔鄋溲獀滫
sau2, 17, sau, 2, s, 手, 手首守搜艘擻狩叟藪嗾艏瞍謏鎪滫棷籔
sau3, 12, sau, 3, s, 宿, 宿秀獸瘦繡鏽嗽擻琇漱狩潃
sau4, 3, sau, 4, s, 愁, 愁仇雔
sau6, 5, sau, 6, s, 受, 受授售壽綬
se1, 4, se, 1, s, 些, 些奢賒奓
se2, 5, se, 2, s, 寫, 寫舍捨瀉奓
se3, 9, se, 3, s, 舍, 舍卸赦瀉卌猞灺騇厙
se4, 2, se, 4, s, 蛇, 蛇佘
se5, 2, se, 5, s, 社, 社舍
se6, 2, se, 6, s, 射, 射麝
sei2, 1, sei, 2, s, 死, 死
sei3, 3, sei, 3, s, 四, 四肆蕼
sek3, 2, sek, 3, s, 惜, 惜錫
sek6, 4, sek, 6, s, 石, 石碩鼫祏
seng1, 3, seng, 1, s, 星, 星聲腥
seng2, 1, seng, 2, s, 醒, 醒
seng3, 1, seng, 3, s, 姓, 姓
seng4, 2, seng, 4, s, 成, 成城
seoi1, 23, seoi, 1, s, 需, 需雖須摔衰尿胥綏睢眭倠荽鑐稰葰楈濉繻嬃蝑諝荾緰
seoi2, 4, seoi, 2, s, 水, 水湑醑糈
seoi3, 11, seoi, 3, s, 說, 說歲帥稅碎蛻裞涗挩帨繀
seoi4, 9, seoi, 4, s, 誰, 誰垂錘陲箠脽厜倕圌
seoi5, 8, seoi, 5, s, 緒, 緒髓絮墅繸瀡巂嶲
seoi6, 30, seoi, 6, s, 睡, 睡瑞粹穗遂隧絮萃彗祟悴邃啐瘁淬燧誶璲蔧踤芧槥焠襚繐睟膵賥篲穟
seon1, 16, seon, 1, s, 詢, 詢絢殉荀峋珣洵皴徇郇眴侚恂逡潠踆
seon2, 4, seon, 2, s, 筍, 筍榫郇栒
seon3, 14, seon, 3, s, 訊, 訊信遜迅瞬舜巽汛蕣噀愻囟瞚簨
seon4, 10, seon, 4, s, 純, 純唇醇淳脣鶉漘焞犉蓴
seon5, 2, seon, 5, s, 盾, 盾楯
seon6, 5, seon, 6, s, 順, 順殉徇侚迿
seot1, 8, seot, 1, s, 率, 率帥摔恤戌蟀卹窣
seot6, 6, seot, 6, s, 術, 術述朮沭鉥秫
si1, 39, si, 1, s, 師, 師思斯司施詩獅私絲屍撕嘶廝鷥尸鍶偲罳蓍虒蟴僿褷颸鳲邿絁螄釃禠緦溮葹禗澌鼶凘鰤襹
si2, 5, si, 2, s, 使, 使死史屎諰
si3, 14, si, 3, s, 使, 使四試思肆嗜肄駟弒泗諡謚肂柶
si4, 8, si, 4, s, 時, 時匙鰣蒔姼鍉塒榯
si5, 4, si, 5, s, 試, 試市恃鈰
si6, 13, si, 6, s, 是, 是事士視示氏侍仕峙諟豉戺跱
sik1, 45, sik, 1, s, 式, 式色識息適惜釋析悉飾昔熄拭晰媳蜥蟋骰軾螫嗇淅皙腊飭奭瘜螅穡銫鄎窸菥赩潟舄緆蕮襫栻濇轖衋蒠醳
sik3, 3, sik, 3, s, 刺, 刺錫裼
sik6, 2, sik, 6, s, 食, 食蝕
sim1, 3, sim, 1, s, 笘, 笘苫襳
sim2, 5, sim, 2, s, 閃, 閃陝睒晱煔
sim3, 2, sim, 3, s, 掞, 掞苫
sim4, 5, sim, 4, s, 禪, 禪蟾簷襜裧
sim6, 2, sim, 6, s, 贍, 贍剡
sin1, 8, sin, 1, s, 先, 先仙鮮僊褼躚氙秈
sin2, 13, sin, 2, s, 鮮, 鮮癬銑燹冼蘚獮尟廯筅姺毨跣
sin3, 14, sin, 3, s, 先, 先線扇倩煽茜腺搧蒨霰謆騸釤鏾
sin4, 8, sin, 4, s, 單, 單禪蟬嬋羡儃澶鋋
sin5, 2, sin, 5, s, 鱔, 鱔潬
sin6, 19, sin, 6, s, 單, 單善禪羨擅倩膳茜繕羡綪贍嬗撣墠蟺樿墡鄯
sing1, 15, sing, 1, s, 星, 星聲勝升醒昇猩腥惺陞旌騂呏狌瑆
sing2, 5, sing, 2, s, 省, 省醒惺渻箵
sing3, 6, sing, 3, s, 性, 性勝聖姓煋圣
sing4, 14, sing, 4, s, 成, 成城誠承乘盛繩丞晟澠宬郕鋮塍
sing6, 5, sing, 6, s, 剩, 剩乘盛賸嵊
sip3, 10, sip, 3, s, 葉, 葉攝涉懾燮歙躞韘揳灄
sit3, 25, sit, 3, s, 契, 契洩舌屑竊薛泄褻楔紲燮偰离揲榍媟伳躠渫屧絏疶揳靾嶭
sit6, 1, sit, 6, s, 舌, 舌
siu1, 20, siu, 1, s, 消, 消燒蕭銷宵瀟逍霄簫硝綃痟魈潚揱蠨蛸翛萷櫹
siu2, 5, siu, 2, s, 小, 小少篠筱謏
siu3, 3, siu, 3, s, 少, 少笑嘯
siu4, 3, siu, 4, s, 韶, 韶迢芀
siu6, 12, siu, 6, s, 紹, 紹召兆肇邵筱劭卲銚旐鮡袑
so1, 17, so, 1, s, 疏, 疏莎梭疋梳唆娑蔬嗦簑蓑挲趖綀桫羧莏
so2, 6, so, 2, s, 所, 所鎖瑣嗩惢璅
so3, 1, so, 3, s, 疏, 疏
so4, 1, so, 4, s, 傻, 傻
soek3, 5, soek, 3, s, 削, 削爍勺鑠杓
soeng1, 29, soeng, 1, s, 相, 相傷商雙箱湯霜廂湘襄觴鑲殤驤瀧熵孀愓瓖纕葙勷緗鬺鷞蔏忀艭驦
soeng2, 3, soeng, 2, s, 想, 想賞鯗
soeng3, 1, soeng, 3, s, 相, 相
soeng4, 8, soeng, 4, s, 常, 常嘗償嚐裳徜嫦鱨
soeng5, 2, soeng, 5, s, 上, 上鞝
soeng6, 2, soeng, 6, s, 上, 上尚
soi1, 5, soi, 1, s, 思, 思腮鰓毢毸
sok3, 13, sok, 3, s, 數, 數索塑朔欶槊揱搠箾嗍蒴鎍鎙
sok6, 1, sok, 6, s, 萷, 萷
song1, 3, song, 1, s, 桑, 桑喪嗓
song2, 6, song, 2, s, 爽, 爽嗓塽顙搡磉
song3, 1, song, 3, s, 喪, 喪
sou1, 12, sou, 1, s, 蘇, 蘇穌騷酥甦搔鬚臊囌繅慅繰
sou2, 4, sou, 2, s, 數, 數掃嫂籔
sou3, 16, sou, 3, s, 數, 數訴素掃塑溯漱愫臊嗉泝膆埽愬瘙傃
suk1, 18, suk, 1, s, 宿, 宿縮叔肅夙粟倏焂謖蓿儵僳蹜鷫鮛橚鱐驌
suk3, 1, suk, 3, s, 索, 索
suk6, 12, suk, 6, s, 屬, 屬熟淑贖孰蜀塾妯菽鸀襡钃
sung1, 7, sung, 1, s, 從, 從鬆嵩崧淞菘娀
sung2, 8, sung, 2, s, 聳, 聳慫悚傱漎竦嵷駷
sung3, 3, sung, 3, s, 送, 送宋餸
sung4, 2, sung, 4, s, 崇, 崇鰫
syu1, 12, syu, 1, s, 書, 書輸樞舒抒紓姝攄樗毹摴鄃
syu2, 4, syu, 2, s, 暑, 暑鼠黍癙
syu3, 4, syu, 3, s, 處, 處恕庶戍
syu4, 8, syu, 4, s, 殊, 殊薯蜍銖藷洙殳杸
syu5, 3, syu, 5, s, 署, 署薯曙
syu6, 6, syu, 6, s, 樹, 樹豎澍腧尌裋
syun1, 14, syun, 1, s, 宣, 宣孫酸瑄痠蓀猻飧朘槂悛狻搎揎
syun2, 2, syun, 2, s, 選, 選損
syun3, 5, syun, 3, s, 算, 算蒜渲筭匴
syun4, 10, syun, 4, s, 還, 還船旋璿璇漩琁鏇舡輲
syun5, 1, syun, 5, s, 吮, 吮
syun6, 4, syun, 6, s, 篆, 篆鐫腞瑑
syut3, 3, syut, 3, s, 說, 說雪鱈
taa1, 7, taa, 1, t, 他, 他她它牠祂怹鉈
taai1, 1, taai, 1, t, 呔, 呔
taai3, 8, taai, 3, t, 太, 太態泰汰貸鈦傣忕
taai5, 1, taai, 5, t, 軚, 軚
taam1, 3, taam, 1, t, 探, 探貪緂
taam2, 5, taam, 2, t, 毯, 毯撢橝醓菼
taam3, 2, taam, 3, t, 探, 探撢
taam4, 19, taam, 4, t, 談, 談潭譚曇澹痰罈覃錟醰郯蟫藫惔憛餤鐔倓燂
taam5, 4, taam, 5, t, 淡, 淡贉黮禫
taan1, 5, taan, 1, t, 攤, 攤灘癱坍嘽
taan2, 9, taan, 2, t, 坦, 坦毯癱袒妲忐疸襢亶
taan3, 4, taan, 3, t, 嘆, 嘆碳歎炭
taan4, 4, taan, 4, t, 彈, 彈壇檀枟
taan5, 1, taan, 5, t, 鷤, 鷤
taap3, 17, taap, 3, t, 塔, 塔拓塌榻遢褟嗒漯鎉搨毾傝誻闒涾鰨錔
taat1, 1, taat, 1, t, 撻, 撻
taat3, 8, taat, 3, t, 達, 達韃遢躂撻闥趿羍
tai1, 2, tai, 1, t, 梯, 梯銻
tai2, 2, tai, 2, t, 體, 體睇
tai3, 10, tai, 3, t, 替, 替剃締涕屜嚏薙揥殢鬄
tai4, 23, tai, 4, t, 提, 提題堤啼蹄緹媞醍隄鷈鵜荑稊綈禔偍騠鶗鶙鯷鷤蕛謕
tai5, 3, tai, 5, t, 弟, 弟娣悌
tam5, 1, tam, 5, t, 氹, 氹
tan1, 3, tan, 1, t, 吞, 吞暾涒
tan2, 1, tan, 2, t, 汆, 汆
tan3, 1, tan, 3, t, 褪, 褪
tan4, 2, tan, 4, t, 飩, 飩揗
tang4, 10, tang, 4, t, 藤, 藤疼騰籐滕謄螣縢邆揗
tau1, 2, tau, 1, t, 偷, 偷媮
tau2, 3, tau, 2, t, 黈, 黈妵唞
tau3, 2, tau, 3, t, 透, 透炓
tau4, 4, tau, 4, t, 頭, 頭投骰牏
tek3, 1, tek, 3, t, 踢, 踢
teng1, 2, teng, 1, t, 聽, 聽廳
teng5, 1, teng, 5, t, 艇, 艇
teoi1, 2, teoi, 1, t, 推, 推蓷
teoi2, 1, teoi, 2, t, 腿, 腿
teoi3, 3, teoi, 3, t, 退, 退蛻駾
teoi4, 6, teoi, 4, t, 頹, 頹隤魋僓穨藬
teon1, 4, teon, 1, t, 湍, 湍啍貒芚
teon2, 1, teon, 2, t, 畽, 畽
teon3, 2, teon, 3, t, 彖, 彖褖
teon5, 2, teon, 5, t, 盾, 盾楯
tik1, 16, tik, 1, t, 貸, 貸惕剔逖忑倜忒悐慝籊藋擿鋱俶趯貣
tik6, 1, tik, 6, t, 鸐, 鸐
tim1, 1, tim, 1, t, 添, 添
tim2, 2, tim, 2, t, 舔, 舔忝
tim3, 1, tim, 3, t, 掭, 掭
tim4, 4, tim, 4, t, 甜, 甜恬菾湉
tim5, 4, tim, 5, t, 恬, 恬簟餂驔
tin1, 1, tin, 1, t, 天, 天
tin2, 3, tin, 2, t, 靦, 靦腆淟
tin3, 1, tin, 3, t, 瑱, 瑱
tin4, 11, tin, 4, t, 田, 田填鈿滇佃沺搷闐畋磌窴
tin5, 1, tin, 5, t, 殄, 殄
ting1, 6, ting, 1, t, 聽, 聽汀烴桯朾綎
ting2, 2, ting, 2, t, 挺, 挺町
ting3, 1, ting, 3, t, 聽, 聽
ting4, 14, ting, 4, t, 停, 停庭廷亭婷霆蜓渟葶筳鼮莛綎楟
ting5, 10, ting, 5, t, 挺, 挺艇珽鋌梃頲脡濎圢侹
tip3, 4, tip, 3, t, 貼, 貼帖呫怗
tit3, 4, tit, 3, t, 鐵, 鐵餮銕驖
tiu1, 7, tiu, 1, t, 挑, 挑彫恌祧誂庣蓨
tiu3, 6, tiu, 3, t, 跳, 跳眺朓覜艞糶
tiu4, 15, tiu, 4, t, 調, 調條迢佻鰷苕怊笤鞗髫岧蓨齠蜩芀
tiu5, 5, tiu, 5, t, 條, 條挑窕嬥窱
to1, 7, to, 1, t, 他, 他它拖牠佗扡揓
to2, 2, to, 2, t, 妥, 妥橢
to3, 2, to, 3, t, 唾, 唾毻
to4, 17, to, 4, t, 陀, 陀駝跎沱鴕佗馱鮀坨驒砣酡堶鉈鼉柂紽
to5, 3, to, 5, t, 舵, 舵柁嫷
toe3, 1, toe, 3, t, 唾, 唾
toe5, 1, toe, 5, t, 唾, 唾
toi1, 2, toi, 1, t, 胎, 胎苔
toi4, 13, toi, 4, t, 台, 台臺抬颱檯苔跆邰炱儓駘薹鮐
toi5, 2, toi, 5, t, 怠, 怠殆
tok3, 16, tok, 3, t, 託, 託托拓魄庹魠柝橐蘀馲籜沰乇飥侂跅
tong1, 6, tong, 1, t, 湯, 湯鏜羰鼞闛劏
tong2, 14, tong, 2, t, 躺, 躺倘淌帑儻矘蹚曭爣鎲钂惝戃鐋
tong3, 3, tong, 3, t, 盪, 盪趟燙
tong4, 20, tong, 4, t, 堂, 堂唐糖棠塘搪膛幢螳踼瞠醣溏逿瑭螗赯樘煻闛
tou1, 12, tou, 1, t, 挑, 挑蹈滔韜叨饕忉絛縚慆弢槄
tou2, 6, tou, 2, t, 討, 討土吐禱釷禂
tou3, 6, tou, 3, t, 套, 套吐兔唾菟堍
tou4, 35, tou, 4, t, 圖, 圖徒途濤逃桃屠塗陶淘涂萄掏荼啕洮酴幬鷋檮燾匋咷醄騊悇稌翿綯鞀鵌駣駼瘏廜
tou5, 1, tou, 5, t, 肚, 肚
tuk1, 2, tuk, 1, t, 禿, 禿鵚
tung1, 5, tung, 1, t, 通, 通恫痌蓪熥
tung2, 5, tung, 2, t, 統, 統筒桶捅筩
tung3, 2, tung, 3, t, 痛, 痛疼
tung4, 28, tung, 4, t, 同, 同童筒銅瞳桐彤仝僮酮茼潼烔峒獞艟赨侗穜佟橦罿曈朣衕筩氃犝
tyun4, 19, tyun, 4, t, 團, 團屯豚臀糰囤摶魨漙鷒忳剬篿坉剸芚軘鷻慱
tyun5, 1, tyun, 5, t, 斷, 斷
tyut3, 4, tyut, 3, t, 脫, 脫挩侻莌
uk1, 2, uk, 1, u, 屋, 屋剭
ung1, 1, ung, 1, u, 壅, 壅
ung2, 1, ung, 2, u, 擁, 擁
ung3, 4, ung, 3, u, 甕, 甕蕹罋齆
waa1, 19, waa, 1, w, 哇, 哇娃挖蛙汙蝸凹呱嘩譁窪喎洼窊漥窐咼唲騧
waa2, 3, waa, 2, w, 畫, 畫剮搲
waa4, 7, waa, 4, w, 華, 華划樺嘩驊鋘鏵
waa5, 1, waa, 5, w, 踝, 踝
waa6, 9, waa, 6, w, 話, 話華畫樺崋觟摦槬罫
waai1, 1, waai, 1, w, 歪, 歪
waai4, 9, waai, 4, w, 懷, 懷獲淮槐褱褢怀櫰蘹
waai6, 3, waai, 6, w, 壞, 壞瘣蘾
waak6, 11, waak, 6, w, 或, 或畫劃惑砉謋繣嫿湱韄騞
waan1, 4, waan, 1, w, 灣, 灣彎睕潫
waan2, 1, waan, 2, w, 綰, 綰
waan4, 14, waan, 4, w, 還, 還灣玩環頑寰鍰圜鬟鐶澴繯抏闤
waan5, 3, waan, 5, w, 挽, 挽輓鯇
waan6, 9, waan, 6, w, 幻, 幻患宦豢繯攌漶轘薍
waang4, 2, waang, 4, w, 橫, 橫衡
waang6, 1, waang, 6, w, 橫, 橫
waat3, 3, waat, 3, w, 挖, 挖斡穵
waat6, 3, waat, 6, w, 滑, 滑猾黠
wai1, 9, wai, 1, w, 威, 威委萎葳煇倭崴逶蝛
wai2, 24, wai, 2, w, 委, 委唯毀喂虫萎卉猥喟諉燬痿譭廆虺壝毇寪腲蜼蒍骫薳崣
wai3, 21, wai, 3, w, 慧, 慧喂慰畏餵尉蔚穢薈翽褽罻霨碨濊餧獩噦犚薉嘒
wai4, 19, wai, 4, w, 為, 為維唯圍遺違惟韋帷幃桅闈囗濰湋鮠鄬圩潿
wai5, 12, wai, 5, w, 偉, 偉瑋韋緯葦諱煒卉暐韙韡湋
wai6, 25, wai, 6, w, 為, 為位謂衛慧遺惠胃彙蕙彗蝟喟恚渭橞憓蔧槥譓鏏媦讆煟蟪
wan1, 10, wan, 1, w, 溫, 溫瘟氳縕贇頵熅殟轀褞
wan2, 2, wan, 2, w, 穩, 穩搵
wan3, 7, wan, 3, w, 蘊, 蘊醞慍搵韞縕薀
wan4, 27, wan, 4, w, 員, 員雲魂云渾暈筠芸勻耘昀紜餛琿蕓鄖妘鋆澐畇沄縜溳鼲餫楎篔
wan5, 11, wan, 5, w, 韻, 韻允尹蘊隕醞殞荺抎狁霣
wan6, 17, wan, 6, w, 運, 運均混韻渾暈熨諢溷顐鄆圂掍韗惲餫慁
wang4, 16, wang, 4, w, 宏, 宏弘泓竑紘閎鈜鋐浤翃谹汯耾鞃彋吰
wat1, 11, wat, 1, w, 鬱, 鬱屈尉蔚熨詘罻爩膃黦嗢
wat6, 15, wat, 6, w, 核, 核聿鷸鶻搰遹矞抇鱊繘燏獝驈潏鴥
we2, 1, we, 2, w, 搲, 搲
wik6, 9, wik, 6, w, 域, 域閾蜮魊淢罭緎窢棫
wing1, 1, wing, 1, w, 扔, 扔
wing4, 3, wing, 4, w, 榮, 榮嶸蠑
wing5, 1, wing, 5, w, 永, 永
wing6, 6, wing, 6, w, 泳, 泳詠穎潁醟禜
wo1, 11, wo, 1, w, 窩, 窩鍋渦窠倭媧萵堝猧踒濄
wo2, 2, wo, 2, w, 婐, 婐婑
wo3, 2, wo, 3, w, 喎, 喎涴
wo4, 5, wo, 4, w, 和, 和禾龢盉鉌
wo5, 2, wo, 5, w, 禍, 禍喎
wo6, 2, wo, 6, w, 和, 和禍
wok3, 2, wok, 3, w, 矱, 矱雘
wok6, 10, wok, 6, w, 獲, 獲穫瓠擭嚄鑊濩檴瓁蠖
wong1, 3, wong, 1, w, 汪, 汪尪尢
wong2, 2, wong, 2, w, 枉, 枉瀇
wong4, 26, wong, 4, w, 凰, 凰王黃皇煌惶簧徨遑隍璜潢蝗磺篁鍠堭湟喤趪騜艎餭偟蟥鰉
wong5, 1, wong, 5, w, 往, 往
wong6, 3, wong, 6, w, 王, 王旺迋
wu1, 14, wu, 1, w, 於, 於嗚惡烏污汙鎢鄔圬杇歍陓洿靰
wu2, 5, wu, 2, w, 塢, 塢滸摀捂祜
wu3, 1, wu, 3, w, 惡, 惡
wu4, 20, wu, 4, w, 乎, 乎湖胡糊狐蝴壺鬍弧瑚葫瓠餬猢楜醐魱鶦鶘衚
wu6, 21, wu, 6, w, 護, 護互戶穫芋滬扈嫭瓠怙冱楛頀沍芐鄠臒岵韄嫮枑
wui1, 6, wui, 1, w, 偎, 偎猥椳煨渨隈
wui3, 1, wui, 3, w, 薈, 薈
wui4, 10, wui, 4, w, 回, 回迴徊洄蛔痐佪恛茴蚘
wui5, 1, wui, 5, w, 會, 會
wui6, 6, wui, 6, w, 會, 會匯彙薈燴禬
wun1, 4, wun, 1, w, 莞, 莞豌剜婠
wun2, 6, wun, 2, w, 碗, 碗腕惋浣捥睆
wun4, 18, wun, 4, w, 援, 援緩媛桓洹垣峘爰湲荁萑瓛狟羦雈豲貆獂
wun5, 5, wun, 5, w, 浣, 浣莞皖晥澣
wun6, 13, wun, 6, w, 玩, 玩換緩喚煥瘓渙奐翫逭忨抏輐
wut6, 2, wut, 6, w, 活, 活佸
zaa1, 20, zaa, 1, z, 查, 查咱渣碴挓砟楂抯撾奓樝偺柤檛觰喒齇髽皻摣
zaa2, 1, zaa, 2, z, 鮓, 鮓
zaa3, 16, zaa, 3, z, 炸, 炸詐乍蚱榨咋吒搾醡煠蜡奓苲厏痄溠
zaa6, 2, zaa, 6, z, 乍, 乍拃
zaai1, 1, zaai, 1, z, 齋, 齋
zaai3, 2, zaai, 3, z, 債, 債瘵
zaai6, 5, zaai, 6, z, 寨, 寨廌豸眥砦
zaak3, 15, zaak, 3, z, 責, 責窄蚱嘖舴齰柞岝磧賾笮迮簀矺唶
zaak6, 15, zaak, 6, z, 擇, 擇摘澤宅擲翟躑謫檡乇磔襗蠌烢蹢
zaam1, 4, zaam, 1, z, 簪, 簪詀糌鐕
zaam2, 5, zaam, 2, z, 斬, 斬眨嶄黵寁
zaam3, 3, zaam, 3, z, 湛, 湛蘸偡
zaam6, 4, zaam, 6, z, 站, 站暫蹔鏨
zaan2, 10, zaan, 2, z, 盞, 盞棧攢昝琖驏儹醆趲㜺
zaan3, 8, zaan, 3, z, 贊, 贊讚撰瓚酇囋灒饡
zaan6, 12, zaan, 6, z, 賺, 賺撰綻棧饌攥僎譔輚揝篹轏
zaang1, 12, zaang, 1, z, 爭, 爭丁掙箏睜錚崢諍猙琤棦踭
zaang3, 1, zaang, 3, z, 諍, 諍
zaang6, 1, zaang, 6, z, 掙, 掙
zaap3, 7, zaap, 3, z, 砸, 砸摺眨匝咂劄唼
zaap6, 13, zaap, 6, z, 集, 集習雜襲閘褶隰嶍槢鰼鈒飁雥
zaat2, 1, zaat, 2, z, 甴, 甴
zaat3, 8, zaat, 3, z, 札, 札扎紮軋鍘蚻拶哳
zaat6, 1, zaat, 6, z, 甴, 甴
zaau1, 1, zaau, 1, z, 嘲, 嘲
zaau2, 5, zaau, 2, z, 找, 找抓爪肘帚
zaau3, 2, zaau, 3, z, 罩, 罩笊
zaau6, 4, zaau, 6, z, 掉, 掉棹櫂鵫
zai1, 10, zai, 1, z, 擠, 擠劑躋鮆虀齌齎齏櫅隮
zai2, 3, zai, 2, z, 仔, 仔濟囝
zai3, 15, zai, 3, z, 制, 制際製濟祭霽掣晢泲猘狾剬穄漈瘈
zai6, 7, zai, 6, z, 齊, 齊劑滯踅蹛穧嚌
zak1, 7, zak, 1, z, 則, 則側仄昃庂崱萴
zam1, 14, zam, 1, z, 針, 針斟箴砧鍼葴碪瑊椹鱵祲鰔鍖嶜
zam2, 3, zam, 2, z, 怎, 怎枕噆
zam3, 6, zam, 3, z, 枕, 枕浸揕歁寖譖
zam6, 5, zam, 6, z, 沉, 沉朕鴆酖栚
zan1, 7, zan, 1, z, 真, 真珍甄嗔禛胗薽
zan2, 14, zan, 2, z, 診, 診疹稹縝軫胗畛眹鬒眕紾袗抮黰
zan3, 10, zan, 3, z, 振, 振震鎮圳賑瑱侲娠裖紖
zan6, 2, zan, 6, z, 陳, 陳陣
zang1, 18, zang, 1, z, 曾, 曾爭增僧掙憎猙綪噌琤繒磳崝罾鬙橧矰鬇
zang6, 2, zang, 6, z, 贈, 贈甑
zap1, 5, zap, 1, z, 執, 執汁縶馽慹
zap6, 1, zap, 6, z, 霫, 霫
zat1, 5, zat, 1, z, 質, 質騭揤櫍鑕
zat3, 1, zat, 3, z, 窒, 窒
zat6, 18, zat, 6, z, 疾, 疾蟄嫉窒姪蛭桎侄郅蒺銍挃秷礩螲庢膣厔
zau1, 35, zau, 1, z, 週, 週周洲州舟鄒啾揪謅啁喌賙陬鄹菆黀侜騶諏輖盩齱齺掫湫棸鵃緅譸揫棷輈鯫郰洀
zau2, 6, zau, 2, z, 走, 走酒肘睭帚鯞
zau3, 10, zau, 3, z, 奏, 奏咒皺晝揍縐僽甃噣咮
zau6, 16, zau, 6, z, 就, 就宙驟袖岫鷲紂冑怞繇胄僦籀酎褎鮦
ze1, 4, ze, 1, z, 遮, 遮嗟罝啫
ze2, 6, ze, 2, z, 這, 這者姐姊鍺赭
ze3, 8, ze, 3, z, 這, 這借藉蔗鷓柘蟅唶
ze5, 1, ze, 5, z, 這, 這
ze6, 3, ze, 6, z, 謝, 謝藉榭
zek1, 1, zek, 1, z, 唧, 唧
zek3, 11, zek, 3, z, 只, 只隻績跡拓脊炙摭跖膌擿
zek6, 1, zek, 6, z, 蓆, 蓆
zeng1, 1, zeng, 1, z, 精, 精
zeng2, 2, zeng, 2, z, 井, 井汫
zeng3, 1, zeng, 3, z, 正, 正
zeng6, 2, zeng, 6, z, 鄭, 鄭淨
zeoi1, 24, zeoi, 1, z, 且, 且追堆沮錐椎狙隹蛆雎騅葅疽朘箠趄鵻砠跙苴菹棰娵岨
zeoi2, 6, zeoi, 2, z, 嘴, 嘴沮咀齟觜岨
zeoi3, 11, zeoi, 3, z, 最, 最足醉贅綴惴蕞晬檇餟偳
zeoi6, 17, zeoi, 6, z, 罪, 罪序聚敘墜嶼綴懟諈怚縋膇漵甀硾鱮藇
zeon1, 21, zeon, 1, z, 尊, 尊津遵屯樽臻蓁諄榛鐫溱肫迍朘樼鰆轃楱忳獉窀
zeon2, 11, zeon, 2, z, 準, 準純准儘燼隼藎埻綧贐賮
zeon3, 21, zeon, 3, z, 進, 進俊晉駿峻雋竣浚濬縉畯鐫搢焌寯鵔臇葰餕璡鋑
zeon6, 3, zeon, 6, z, 盡, 盡燼濜
zeot1, 11, zeot, 1, z, 卒, 卒詘怵黜崒倅踤捽揤訹黢
zi1, 53, zi, 1, z, 資, 資之知支齊氏姿枝滋茲肢芝諮脂蜘吱恣咨孜玆貲胝祗孳輜錙梔呲齜緇菑淄袛鄑卮髭鯔齍甾鎡鮨椥搘秖粢鳷偨趑榰鼒嵫胑螆
zi2, 43, zi, 2, z, 子, 子只指徵止仔紙址紫姊旨胏祇芷咫梓祉趾籽砥酯沚衹扺阯厎枳滓黹訾茈笫泲呰疻恉茞芓秭坁軹耔訿
zi3, 33, zi, 3, z, 知, 知至識質志智致置誌緻摯恣踅漬痣輊忮寘躓鋕疐礩駤倳剚胔懥鷙胾懫觶贄騺
zi6, 33, zi, 6, z, 自, 自字治食寺稚伺飼巳俟痔嗣雉祀涘廌豸彘眥笥庤牸畤泜兕阤芓覗偫滍絼耜傂
zik1, 27, zik, 1, z, 即, 即職績積織蹟跡鯽嘖槭唧稷陟膱勣幘踖磧蟙騭楖鰿蘵癪堲樴蝍
zik3, 7, zik, 3, z, 脊, 脊炙瘠鶺蹐癠蹠
zik6, 22, zik, 6, z, 直, 直值籍席寂藉植夕殖汐矽蟄蓆稙湜埴褯穸耤犆躤漃
zim1, 17, zim, 1, z, 漸, 漸尖占詹沾瞻粘霑譫覘臢蛅薝幨瀸惉熸
zim2, 2, zim, 2, z, 颭, 颭僣
zim3, 3, zim, 3, z, 佔, 佔占僭
zim6, 3, zim, 6, z, 漸, 漸魙螹
zin1, 20, zin, 1, z, 煎, 煎箋緘氈揃栴旃膻戔羶邅鸇帴鱣韉湔籛牋鬋饘
zin2, 18, zin, 2, z, 錢, 錢展闡剪輾翦揃搌蹍戩帴蕆灛皽劗嘽諓譾
zin3, 12, zin, 3, z, 戰, 戰薦箭墊顫荐濺餞葥牮栫洊
zin6, 3, zin, 6, z, 賤, 賤纏踐
zing1, 24, zing, 1, z, 正, 正精徵睛晶征偵貞菁蒸禎怔癥鉦楨旌遉箐湞眐旍烝鶄鼱
zing2, 2, zing, 2, z, 整, 整井
zing3, 6, zing, 3, z, 正, 正政證証症幀
zing6, 10, zing, 6, z, 靜, 靜剩淨靖阱靚凊凈竫婧
zip3, 14, zip, 3, z, 接, 接輒摺懾囁浹椄楫慴霅讋慹讘鮿
zit1, 2, zit, 1, z, 擳, 擳瀄
zit3, 20, zit, 3, z, 節, 節哲折捷輒蟄浙蜇櫛婕倢癤扻岊疌楶硩淛悊瀄
zit6, 5, zit, 6, z, 截, 截捷睫踕箑
ziu1, 14, ziu, 1, z, 招, 招朝昭焦蕉椒礁鷦燋蟭膲鐎僬嫶
ziu2, 5, ziu, 2, z, 沼, 沼勦剿樔湫
ziu3, 9, ziu, 3, z, 照, 照詔炤醮曌皭灂釂趭
ziu6, 6, ziu, 6, z, 趙, 趙召嚼詔摷噍
zo2, 5, zo, 2, z, 左, 左阻俎柤咗
zo3, 2, zo, 3, z, 佐, 佐詛
zo6, 5, zo, 6, z, 座, 座助坐侳唑
zoek3, 20, zoek, 3, z, 著, 著桌繳爵雀卓酌嚼灼鵲勺棹芍焯妁斫櫡汋禚斮
zoek6, 4, zoek, 6, z, 著, 著嚼爝皭
zoeng1, 17, zoeng, 1, z, 章, 章將張彰蟑璋漿樟漳獐嫜慞螿墇鄣傽粻
zoeng2, 8, zoeng, 2, z, 長, 長獎掌蔣漲槳膙仉
zoeng3, 13, zoeng, 3, z, 將, 將張帳障漲仗醬脹悵瘴賬嶂幛
zoeng6, 9, zoeng, 6, z, 像, 像象丈仗杖匠橡蟓襐
zoi1, 6, zoi, 1, z, 哉, 哉災栽菑甾渽
zoi2, 4, zoi, 2, z, 載, 載宰崽縡
zoi3, 2, zoi, 3, z, 再, 再載
zoi6, 2, zoi, 6, z, 在, 在酨
zok3, 2, zok, 3, z, 作, 作昨
zok6, 13, zok, 6, z, 昨, 昨鑿濯擢酢柞怍砟鷟筰灂莋浞
zong1, 10, zong, 1, z, 裝, 裝莊髒妝庄樁贓臧奘牂
zong2, 1, zong, 2, z, 駔, 駔
zong3, 3, zong, 3, z, 壯, 壯葬戇
zong6, 7, zong, 6, z, 狀, 狀藏撞臟幢奘獞
zou1, 6, zou, 1, z, 遭, 遭租糟蹧慒傮
zou2, 12, zou, 2, z, 組, 組早祖澡蚤藻棗瑵靻璪繰駔
zou3, 1, zou, 3, z, 灶, 灶
zou6, 10, zou, 6, z, 做, 做造皂葄祚慥皁胙阼簉
zuk1, 22, zuk, 1, z, 竹, 竹足屬祝觸築捉燭粥筑竺囑矚蠋触柷斸鸀哫臅欘浞
zuk3, 1, zuk, 3, z, 捉, 捉
zuk6, 17, zuk, 6, z, 續, 續族俗逐軸濁柚躅鐲鏃嗾妯瘃舳鱁蓫藚
zung1, 33, zung, 1, z, 中, 中終宗鐘忠縱鍾綜蹤衷棕忪盅淙鬃潀舂螽翪伀倧舯騣彸惾蔠妐稯翀憃嵕豵鬷
zung2, 9, zung, 2, z, 種, 種總粽腫踵傯摠熜尰
zung3, 8, zung, 3, z, 中, 中種眾縱綜粽穜瘲
zung6, 6, zung, 6, z, 重, 重從仲頌誦訟
zyu1, 20, zyu, 1, z, 諸, 諸豬朱珠株蛛侏誅茱姝硃櫫洙袾跦邾瀦藸櫧趎
zyu2, 8, zyu, 2, z, 主, 主煮渚拄枓麈陼砫
zyu3, 14, zyu, 3, z, 著, 著注註駐鑄蛀炷翥紸罜馵疰鉒殶
zyu6, 3, zyu, 6, z, 住, 住箸櫡
zyun1, 16, zyun, 1, z, 專, 專尊鑽遵磚鱒鐫躦鱄顓耑篿塼嫥鄟膞
zyun2, 7, zyun, 2, z, 轉, 轉纂囀撙噂纘僔
zyun3, 6, zyun, 3, z, 轉, 轉鑽縳鉆鐏捘
zyun6, 1, zyun, 6, z, 傳, 傳
zyut3, 25, zyut, 3, z, 絕, 絕拙茁綴啜輟惙絀掇琡嘬畷罬梲裰醊蕝錣餟窋敪剟棳腏歠
zyut6, 6, zyut, 6, z, 絕, 絕拙綴輟絀黜
